Visitor,PTS,Home,PTS,,,,,,,,,Visitor,PTS,Home,PTS
Brooklyn Nets,104,Milwaukee Bucks,127,,,,,Atlanta Hawks,ATL,,,BKN,104,MIL,127
Golden State Warriors,121,Los Angeles Lakers,114,,,,,Boston Celtics,BOS,,,GSW,121,LAL,114
Indiana Pacers,122,Charlotte Hornets,123,,,,,Brooklyn Nets,BKN,,,IND,122,CHA,123
Chicago Bulls,94,Detroit Pistons,88,,,,,Charlotte Hornets,CHA,,,CHI,94,DET,88
Boston Celtics,134,New York Knicks,138,,,,,Chicago Bulls,CHI,,,BOS,134,NYK,138
Washington Wizards,98,Toronto Raptors,83,,,,,Cleveland Cavaliers,CLE,,,WAS,98,TOR,83
Cleveland Cavaliers,121,Memphis Grizzlies,132,,,,,Dallas Mavericks,DAL,,,CLE,121,MEM,132
Houston Rockets,106,Minnesota Timberwolves,124,,,,,Denver Nuggets,DEN,,,HOU,106,MIN,124
Philadelphia 76ers,117,New Orleans Pelicans,97,,,,,Detroit Pistons,DET,,,PHI,117,NOP,97
Orlando Magic,97,San Antonio Spurs,123,,,,,Golden State Warriors,GSW,,,ORL,97,SAS,123
Oklahoma City Thunder,86,Utah Jazz,107,,,,,Houston Rockets,HOU,,,OKC,86,UTA,107
Sacramento Kings,124,Portland Trail Blazers,121,,,,,Indiana Pacers,IND,,,SAC,124,PHX,121
Denver Nuggets,110,Phoenix Suns,98,,,,,Los Angeles Clippers,LAC,,,DEN,110,PHX,98
Dallas Mavericks,87,Atlanta Hawks,113,,,,,Los Angeles Lakers,LAL,,,DAL,87,ATL,113
Milwaukee Bucks,95,Miami Heat,137,,,,,Memphis Grizzlies,MEM,,,MIL,95,MIA,137
Los Angeles Clippers,113,Golden State Warriors,115,,,,,Miami Heat,MIA,,,LAC,113,GSW,115
New York Knicks,121,Orlando Magic,96,,,,,Milwaukee Bucks,MIL,,,NYK,121,ORL,96
Indiana Pacers,134,Washington Wizards,135,,,,,Minnesota Timberwolves,MIN,,,IND,134,WAS,135
Charlotte Hornets,123,Cleveland Cavaliers,112,,,,,New Orleans Pelicans,NOP,,,CHA,123,CLE,112
Toronto Raptors,115,Boston Celtics,83,,,,,New York Knicks,NYK,,,TOR,115,BOS,83
Brooklyn Nets,114,Philadelphia 76ers,109,,,,,Oklahoma City Thunder,OKC,,,BKN,114,PHI,109
Oklahoma City Thunder,91,Houston Rockets,124,,,,,Orlando Magic,ORL,,,OKC,91,HOU,124
New Orleans Pelicans,112,Chicago Bulls,128,,,,,Philadelphia 76ers,PHI,,,NOP,112,CHI,128
San Antonio Spurs,96,Denver Nuggets,102,,,,,Phoenix Suns,PHX,,,SAS,96,DEN,102
Phoenix Suns,115,Los Angeles Lakers,105,,,,,Portland Trailblazers,POR,,,PHX,115,LAL,105
Utah Jazz,110,Sacramento Kings,101,,,,,Sacramento Kings,SAC,,,UTA,110,SAC,101
Atlanta Hawks,95,Cleveland Cavaliers,101,,,,,San Antonio Spurs,SAS,,,ATL,95,CLE,101
Miami Heat,91,Indiana Pacers,102,,,,,Toronto Raptors,TOR,,,MIA,91,IND,102
Dallas Mavericks,103,Toronto Raptors,95,,,,,Utah Jazz,UTA,,,DAL,103,TOR,95
Detroit Pistons,82,Chicago Bulls,97,,,,,Washington Wizards,WAS,,,DET,82,CHI,97
New Orleans Pelicans,89,Minnesota Timberwolves,96,,,,,,,,,NOP,89,MIN,96
Milwaukee Bucks,121,San Antonio Spurs,111,,,,,,,,,MIL,121,SAS,111
Phoenix Suns,105,Portland Trail Blazers,134,,,,,,,,,PHX,105,PHX,134
Memphis Grizzlies,120,Los Angeles Clippers,114,,,,,,,,,MEM,120,LAC,114
Charlotte Hornets,111,Brooklyn Nets,95,,,,,,,,,CHA,111,BKN,95
Boston Celtics,107,Houston Rockets,97,,,,,,,,,BOS,107,HOU,97
Orlando Magic,110,New York Knicks,104,,,,,,,,,ORL,110,NYK,104
Philadelphia 76ers,115,Oklahoma City Thunder,103,,,,,,,,,PHI,115,OKC,103
Golden State Warriors,119,Sacramento Kings,107,,,,,,,,,GSW,119,SAC,107
Memphis Grizzlies,118,Los Angeles Lakers,121,,,,,,,,,MEM,118,LAL,121
Boston Celtics,140,Charlotte Hornets,129,,,,,,,,,BOS,140,CHA,129
Milwaukee Bucks,119,Indiana Pacers,109,,,,,,,,,MIL,119,IND,109
Chicago Bulls,111,Toronto Raptors,108,,,,,,,,,CHI,111,TOR,108
Orlando Magic,90,Miami Heat,107,,,,,,,,,ORL,90,MIA,107
Washington Wizards,90,Brooklyn Nets,104,,,,,,,,,WAS,90,BKN,104
Detroit Pistons,104,Atlanta Hawks,122,,,,,,,,,DET,104,ATL,122
New Orleans Pelicans,107,Minnesota Timberwolves,98,,,,,,,,,NOP,107,MIN,98
Cleveland Cavaliers,99,Denver Nuggets,87,,,,,,,,,CLE,99,DEN,87
Portland Trail Blazers,86,Los Angeles Clippers,116,,,,,,,,,PHX,86,LAC,116
Philadelphia 76ers,99,New York Knicks,112,,,,,,,,,PHI,99,NYK,112
Golden State Warriors,106,Oklahoma City Thunder,98,,,,,,,,,GSW,106,OKC,98
Los Angeles Lakers,125,San Antonio Spurs,121,,,,,,,,,LAL,125,SAS,121
Houston Rockets,106,Dallas Mavericks,116,,,,,,,,,HOU,106,DAL,116
Denver Nuggets,110,Utah Jazz,122,,,,,,,,,DEN,110,UTA,122
Charlotte Hornets,120,Orlando Magic,111,,,,,,,,,CHA,120,ORL,111
Washington Wizards,116,Boston Celtics,107,,,,,,,,,WAS,116,BOS,107
Miami Heat,106,Brooklyn Nets,93,,,,,,,,,MIA,106,BKN,93
Indiana Pacers,100,Toronto Raptors,118,,,,,,,,,IND,100,TOR,118
Atlanta Hawks,102,New Orleans Pelicans,99,,,,,,,,,ATL,102,NOP,99
Minnesota Timberwolves,113,Milwaukee Bucks,108,,,,,,,,,MIN,113,MIL,108
Los Angeles Lakers,115,Oklahoma City Thunder,123,,,,,,,,,LAL,115,OKC,123
Sacramento Kings,110,Phoenix Suns,107,,,,,,,,,SAC,110,PHX,107
Memphis Grizzlies,96,Portland Trail Blazers,116,,,,,,,,,MEM,96,PHX,116
Cleveland Cavaliers,92,Los Angeles Clippers,79,,,,,,,,,CLE,92,LAC,79
Atlanta Hawks,111,Washington Wizards,122,,,,,,,,,ATL,111,WAS,122
Detroit Pistons,102,Philadelphia 76ers,110,,,,,,,,,DET,102,PHI,110
Utah Jazz,122,Houston Rockets,91,,,,,,,,,UTA,122,HOU,91
New York Knicks,104,Chicago Bulls,103,,,,,,,,,NYK,104,CHI,103
San Antonio Spurs,99,Dallas Mavericks,104,,,,,,,,,SAS,99,DAL,104
Memphis Grizzlies,104,Golden State Warriors,101,,,,,,,,,MEM,104,GSW,101
Orlando Magic,109,Toronto Raptors,110,,,,,,,,,ORL,109,TOR,110
Charlotte Hornets,99,Miami Heat,114,,,,,,,,,CHA,99,MIA,114
Indiana Pacers,98,Brooklyn Nets,105,,,,,,,,,IND,98,BKN,105
Sacramento Kings,113,New Orleans Pelicans,109,,,,,,,,,SAC,113,NOP,109
Dallas Mavericks,75,Denver Nuggets,106,,,,,,,,,DAL,75,DEN,106
Los Angeles Clippers,92,Portland Trail Blazers,111,,,,,,,,,LAC,92,PHX,111
Cleveland Cavaliers,101,Los Angeles Lakers,113,,,,,,,,,CLE,101,LAL,113
Boston Celtics,112,Washington Wizards,115,,,,,,,,,BOS,112,WAS,115
Orlando Magic,103,Detroit Pistons,110,,,,,,,,,ORL,103,DET,110
New York Knicks,123,New Orleans Pelicans,117,,,,,,,,,NYK,123,NOP,117
Toronto Raptors,97,Indiana Pacers,94,,,,,,,,,TOR,97,IND,94
Atlanta Hawks,94,Philadelphia 76ers,122,,,,,,,,,ATL,94,PHI,122
Utah Jazz,99,Chicago Bulls,107,,,,,,,,,UTA,99,CHI,107
Miami Heat,129,Memphis Grizzlies,103,,,,,,,,,MIA,129,MEM,103
San Antonio Spurs,102,Milwaukee Bucks,93,,,,,,,,,SAS,102,MIL,93
Oklahoma City Thunder,82,Golden State Warriors,103,,,,,,,,,OKC,82,GSW,103
Denver Nuggets,93,Minnesota Timberwolves,91,,,,,,,,,DEN,93,MIN,91
Cleveland Cavaliers,92,Phoenix Suns,101,,,,,,,,,CLE,92,PHX,101
Sacramento Kings,99,Dallas Mavericks,105,,,,,,,,,SAC,99,DAL,105
Portland Trail Blazers,113,Charlotte Hornets,125,,,,,,,,,PHX,113,CHA,125
Utah Jazz,107,Milwaukee Bucks,95,,,,,,,,,UTA,107,MIL,95
Detroit Pistons,91,Brooklyn Nets,117,,,,,,,,,DET,91,BKN,117
Houston Rockets,85,Los Angeles Lakers,95,,,,,,,,,HOU,85,LAL,95
Cleveland Cavaliers,113,Charlotte Hornets,110,,,,,,,,,CLE,113,CHA,110
San Antonio Spurs,118,Indiana Pacers,131,,,,,,,,,SAS,118,IND,131
Portland Trail Blazers,103,Philadelphia 76ers,113,,,,,,,,,PHX,103,PHI,113
Washington Wizards,111,Atlanta Hawks,118,,,,,,,,,WAS,111,ATL,118
Chicago Bulls,128,Boston Celtics,114,,,,,,,,,CHI,128,BOS,114
Toronto Raptors,113,New York Knicks,104,,,,,,,,,TOR,113,NYK,104
Denver Nuggets,97,Memphis Grizzlies,106,,,,,,,,,DEN,97,MEM,106
Orlando Magic,115,Minnesota Timberwolves,97,,,,,,,,,ORL,115,MIN,97
Oklahoma City Thunder,94,Los Angeles Clippers,99,,,,,,,,,OKC,94,LAC,99
Milwaukee Bucks,117,Detroit Pistons,89,,,,,,,,,MIL,117,DET,89
Miami Heat,125,Dallas Mavericks,110,,,,,,,,,MIA,125,DAL,110
Sacramento Kings,113,Utah Jazz,119,,,,,,,,,SAC,113,UTA,119
New Orleans Pelicans,100,Phoenix Suns,112,,,,,,,,,NOP,100,PHX,112
Houston Rockets,117,Los Angeles Lakers,119,,,,,,,,,HOU,117,LAL,119
Portland Trail Blazers,104,Cleveland Cavaliers,107,,,,,,,,,PHX,104,CLE,107
New York Knicks,98,Indiana Pacers,111,,,,,,,,,NYK,98,IND,111
Boston Celtics,92,Orlando Magic,79,,,,,,,,,BOS,92,ORL,79
Chicago Bulls,98,Philadelphia 76ers,103,,,,,,,,,CHI,98,PHI,103
Toronto Raptors,109,Washington Wizards,100,,,,,,,,,TOR,109,WAS,100
Atlanta Hawks,108,Brooklyn Nets,117,,,,,,,,,ATL,108,BKN,117
Denver Nuggets,106,Memphis Grizzlies,108,,,,,,,,,DEN,106,MEM,108
Los Angeles Clippers,126,Minnesota Timberwolves,115,,,,,,,,,LAC,126,MIN,115
Dallas Mavericks,109,San Antonio Spurs,108,,,,,,,,,DAL,109,SAS,108
Charlotte Hornets,92,Golden State Warriors,114,,,,,,,,,CHA,92,GSW,114
New Orleans Pelicans,99,Sacramento Kings,112,,,,,,,,,NOP,99,SAC,112
Philadelphia 76ers,109,Detroit Pistons,98,,,,,,,,,PHI,109,DET,98
Utah Jazz,116,Atlanta Hawks,98,,,,,,,,,UTA,116,ATL,98
Boston Celtics,95,Miami Heat,78,,,,,,,,,BOS,95,MIA,78
Houston Rockets,111,Phoenix Suns,123,,,,,,,,,HOU,111,PHX,123
Oklahoma City Thunder,107,Los Angeles Lakers,104,,,,,,,,,OKC,107,LAL,104
Brooklyn Nets,96,Detroit Pistons,90,,,,,,,,,BKN,96,DET,90
San Antonio Spurs,102,Orlando Magic,89,,,,,,,,,SAS,102,ORL,89
Memphis Grizzlies,87,Washington Wizards,115,,,,,,,,,MEM,87,WAS,115
New York Knicks,113,Milwaukee Bucks,98,,,,,,,,,NYK,113,MIL,98
Cleveland Cavaliers,102,Toronto Raptors,101,,,,,,,,,CLE,102,TOR,101
Los Angeles Clippers,104,Minnesota Timberwolves,84,,,,,,,,,LAC,104,MIN,84
New Orleans Pelicans,85,Golden State Warriors,126,,,,,,,,,NOP,85,GSW,126
Indiana Pacers,106,Portland Trail Blazers,110,,,,,,,,,IND,106,PHX,110
Charlotte Hornets,110,Sacramento Kings,140,,,,,,,,,CHA,110,SAC,140
Houston Rockets,94,Denver Nuggets,95,,,,,,,,,HOU,94,DEN,95
Utah Jazz,115,Miami Heat,118,,,,,,,,,UTA,115,MIA,118
Philadelphia 76ers,114,Chicago Bulls,105,,,,,,,,,PHI,114,CHI,105
Boston Celtics,104,Dallas Mavericks,107,,,,,,,,,BOS,104,DAL,107
Atlanta Hawks,117,Phoenix Suns,121,,,,,,,,,ATL,117,PHX,121
Los Angeles Lakers,90,Portland Trail Blazers,105,,,,,,,,,LAL,90,PHX,105
Brooklyn Nets,116,Toronto Raptors,103,,,,,,,,,BKN,116,TOR,103
Cleveland Cavaliers,126,New York Knicks,109,,,,,,,,,CLE,126,NYK,109
Utah Jazz,100,Orlando Magic,107,,,,,,,,,UTA,100,ORL,107
Indiana Pacers,94,Sacramento Kings,91,,,,,,,,,IND,94,SAC,91
Milwaukee Bucks,94,Washington Wizards,101,,,,,,,,,MIL,94,WAS,101
San Antonio Spurs,94,Oklahoma City Thunder,99,,,,,,,,,SAS,94,OKC,99
Houston Rockets,107,Golden State Warriors,120,,,,,,,,,HOU,107,GSW,120
Charlotte Hornets,106,Los Angeles Clippers,120,,,,,,,,,CHA,106,LAC,120
New York Knicks,103,Philadelphia 76ers,96,,,,,,,,,NYK,103,PHI,96
Brooklyn Nets,95,Chicago Bulls,118,,,,,,,,,BKN,95,CHI,118
Minnesota Timberwolves,118,Memphis Grizzlies,125,,,,,,,,,MIN,118,MEM,125
New Orleans Pelicans,92,Dallas Mavericks,108,,,,,,,,,NOP,92,DAL,108
Miami Heat,96,Denver Nuggets,113,,,,,,,,,MIA,96,DEN,113
Atlanta Hawks,113,Golden State Warriors,127,,,,,,,,,ATL,113,GSW,127
Phoenix Suns,109,Sacramento Kings,104,,,,,,,,,PHX,109,SAC,104
Charlotte Hornets,123,Los Angeles Lakers,126,,,,,,,,,CHA,123,LAL,126
Milwaukee Bucks,118,Philadelphia 76ers,109,,,,,,,,,MIL,118,PHI,109
Atlanta Hawks,98,Utah Jazz,110,,,,,,,,,ATL,98,UTA,110
Portland Trail Blazers,109,Los Angeles Clippers,117,,,,,,,,,PHX,109,LAC,117
Washington Wizards,97,Cleveland Cavaliers,94,,,,,,,,,WAS,97,CLE,94
Brooklyn Nets,123,Orlando Magic,90,,,,,,,,,BKN,123,ORL,90
Toronto Raptors,88,Boston Celtics,104,,,,,,,,,TOR,88,BOS,104
Detroit Pistons,112,Houston Rockets,104,,,,,,,,,DET,112,HOU,104
Milwaukee Bucks,112,New York Knicks,100,,,,,,,,,MIL,112,NYK,100
Dallas Mavericks,107,Chicago Bulls,117,,,,,,,,,DAL,107,CHI,117
Charlotte Hornets,118,Memphis Grizzlies,108,,,,,,,,,CHA,118,MEM,108
Oklahoma City Thunder,108,New Orleans Pelicans,100,,,,,,,,,OKC,108,NOP,100
Sacramento Kings,117,San Antonio Spurs,136,,,,,,,,,SAC,117,SAS,136
Indiana Pacers,98,Denver Nuggets,101,,,,,,,,,IND,98,DEN,101
Portland Trail Blazers,109,Phoenix Suns,119,,,,,,,,,PHX,109,PHX,119
Minnesota Timberwolves,110,Golden State Warriors,123,,,,,,,,,MIN,110,GSW,123
Miami Heat,117,Los Angeles Lakers,120,,,,,,,,,MIA,117,LAL,120
Toronto Raptors,115,Philadelphia 76ers,109,,,,,,,,,TOR,115,PHI,109
Indiana Pacers,111,Utah Jazz,100,,,,,,,,,IND,111,UTA,100
Miami Heat,109,Los Angeles Clippers,112,,,,,,,,,MIA,109,LAC,112
New York Knicks,96,Charlotte Hornets,104,,,,,,,,,NYK,96,CHA,104
Milwaukee Bucks,113,Boston Celtics,122,,,,,,,,,MIL,113,BOS,122
Detroit Pistons,78,Cleveland Cavaliers,98,,,,,,,,,DET,78,CLE,98
Portland Trail Blazers,104,Houston Rockets,92,,,,,,,,,PHX,104,HOU,92
Phoenix Suns,119,Memphis Grizzlies,94,,,,,,,,,PHX,119,MEM,94
Brooklyn Nets,120,New Orleans Pelicans,112,,,,,,,,,BKN,120,NOP,112
Sacramento Kings,103,Oklahoma City Thunder,105,,,,,,,,,SAC,103,OKC,105
Dallas Mavericks,123,San Antonio Spurs,109,,,,,,,,,DAL,123,SAS,109
Atlanta Hawks,96,Denver Nuggets,105,,,,,,,,,ATL,96,DEN,105
Chicago Bulls,93,Golden State Warriors,119,,,,,,,,,CHI,93,GSW,119
Minnesota Timberwolves,107,Los Angeles Lakers,83,,,,,,,,,MIN,107,LAL,83
Miami Heat,111,Utah Jazz,105,,,,,,,,,MIA,111,UTA,105
Philadelphia 76ers,113,Indiana Pacers,118,,,,,,,,,PHI,113,IND,118
Memphis Grizzlies,101,New Orleans Pelicans,112,,,,,,,,,MEM,101,NOP,112
Washington Wizards,104,Orlando Magic,92,,,,,,,,,WAS,104,ORL,92
Detroit Pistons,127,Toronto Raptors,121,,,,,,,,,DET,127,TOR,121
Boston Celtics,89,Cleveland Cavaliers,91,,,,,,,,,BOS,89,CLE,91
Minnesota Timberwolves,102,Los Angeles Clippers,129,,,,,,,,,MIN,102,LAC,129
San Antonio Spurs,106,Los Angeles Lakers,114,,,,,,,,,SAS,106,LAL,114
Milwaukee Bucks,100,Atlanta Hawks,120,,,,,,,,,MIL,100,ATL,120
Golden State Warriors,102,Charlotte Hornets,106,,,,,,,,,GSW,102,CHA,106
Phoenix Suns,115,Houston Rockets,89,,,,,,,,,PHX,115,HOU,89
Brooklyn Nets,120,Oklahoma City Thunder,96,,,,,,,,,BKN,120,OKC,96
Portland Trail Blazers,95,Denver Nuggets,124,,,,,,,,,PHX,95,DEN,124
Chicago Bulls,100,Los Angeles Clippers,90,,,,,,,,,CHI,100,LAC,90
Boston Celtics,98,Cleveland Cavaliers,92,,,,,,,,,BOS,98,CLE,92
Sacramento Kings,129,Detroit Pistons,107,,,,,,,,,SAC,129,DET,107
New Orleans Pelicans,100,Washington Wizards,105,,,,,,,,,NOP,100,WAS,105
Orlando Magic,111,Atlanta Hawks,129,,,,,,,,,ORL,111,ATL,129
Indiana Pacers,84,New York Knicks,92,,,,,,,,,IND,84,NYK,92
Denver Nuggets,101,Dallas Mavericks,111,,,,,,,,,DEN,101,DAL,111
Houston Rockets,102,Memphis Grizzlies,136,,,,,,,,,HOU,102,MEM,136
Phoenix Suns,99,Minnesota Timberwolves,96,,,,,,,,,PHX,99,MIN,96
Miami Heat,103,Oklahoma City Thunder,90,,,,,,,,,MIA,103,OKC,90
Toronto Raptors,113,Portland Trail Blazers,118,,,,,,,,,TOR,113,PHX,118
Chicago Bulls,121,Los Angeles Lakers,103,,,,,,,,,CHI,121,LAL,103
Golden State Warriors,117,Brooklyn Nets,99,,,,,,,,,GSW,117,BKN,99
Philadelphia 76ers,85,Utah Jazz,120,,,,,,,,,PHI,85,UTA,120
San Antonio Spurs,92,Los Angeles Clippers,106,,,,,,,,,SAS,92,LAC,106
Washington Wizards,87,Charlotte Hornets,97,,,,,,,,,WAS,87,CHA,97
Indiana Pacers,89,Detroit Pistons,97,,,,,,,,,IND,89,DET,97
Boston Celtics,99,Atlanta Hawks,110,,,,,,,,,BOS,99,ATL,110
Cleveland Cavaliers,99,Brooklyn Nets,109,,,,,,,,,CLE,99,BKN,109
New Orleans Pelicans,98,Miami Heat,113,,,,,,,,,NOP,98,MIA,113
Los Angeles Lakers,102,Milwaukee Bucks,109,,,,,,,,,LAL,102,MIL,109
Orlando Magic,104,New York Knicks,98,,,,,,,,,ORL,104,NYK,98
Sacramento Kings,97,Minnesota Timberwolves,107,,,,,,,,,SAC,97,MIN,107
Houston Rockets,89,Oklahoma City Thunder,101,,,,,,,,,HOU,89,OKC,101
Dallas Mavericks,98,Phoenix Suns,105,,,,,,,,,DAL,98,PHX,105
Chicago Bulls,107,Portland Trail Blazers,112,,,,,,,,,CHI,107,PHX,112
Golden State Warriors,104,Cleveland Cavaliers,89,,,,,,,,,GSW,104,CLE,89
Washington Wizards,97,Miami Heat,112,,,,,,,,,WAS,97,MIA,112
Los Angeles Clippers,108,Memphis Grizzlies,120,,,,,,,,,LAC,108,MEM,120
San Antonio Spurs,90,Minnesota Timberwolves,115,,,,,,,,,SAS,90,MIN,115
Philadelphia 76ers,103,Denver Nuggets,89,,,,,,,,,PHI,103,DEN,89
Toronto Raptors,103,Utah Jazz,119,,,,,,,,,TOR,103,UTA,119
Indiana Pacers,118,Charlotte Hornets,121,,,,,,,,,IND,118,CHA,121
Golden State Warriors,105,Detroit Pistons,102,,,,,,,,,GSW,105,DET,102
Los Angeles Lakers,108,Boston Celtics,130,,,,,,,,,LAL,108,BOS,130
Orlando Magic,113,Brooklyn Nets,115,,,,,,,,,ORL,113,BKN,115
Oklahoma City Thunder,89,Milwaukee Bucks,96,,,,,,,,,OKC,89,MIL,96
Los Angeles Clippers,81,New Orleans Pelicans,94,,,,,,,,,LAC,81,NOP,94
Chicago Bulls,114,Denver Nuggets,108,,,,,,,,,CHI,114,DEN,108
Dallas Mavericks,104,Phoenix Suns,112,,,,,,,,,DAL,104,PHX,112
Toronto Raptors,108,Sacramento Kings,89,,,,,,,,,TOR,108,SAC,89
Houston Rockets,99,New York Knicks,106,,,,,,,,,HOU,99,NYK,106
New Orleans Pelicans,94,Indiana Pacers,111,,,,,,,,,NOP,94,IND,111
Miami Heat,100,Washington Wizards,103,,,,,,,,,MIA,100,WAS,103
Charlotte Hornets,105,Atlanta Hawks,115,,,,,,,,,CHA,105,ATL,115
Oklahoma City Thunder,105,Boston Celtics,111,,,,,,,,,OKC,105,BOS,111
Orlando Magic,108,Milwaukee Bucks,117,,,,,,,,,ORL,108,MIL,117
Memphis Grizzlies,95,Minnesota Timberwolves,138,,,,,,,,,MEM,95,MIN,138
Philadelphia 76ers,111,Portland Trail Blazers,118,,,,,,,,,PHI,111,PHX,118
Utah Jazz,123,Sacramento Kings,105,,,,,,,,,UTA,123,SAC,105
Dallas Mavericks,91,Los Angeles Clippers,97,,,,,,,,,DAL,91,LAC,97
Los Angeles Lakers,121,Detroit Pistons,116,,,,,,,,,LAL,121,DET,116
New York Knicks,103,Chicago Bulls,109,,,,,,,,,NYK,103,CHI,109
Denver Nuggets,97,Phoenix Suns,126,,,,,,,,,DEN,97,PHX,126
Toronto Raptors,104,Golden State Warriors,119,,,,,,,,,TOR,104,GSW,119
Brooklyn Nets,117,Cleveland Cavaliers,112,,,,,,,,,BKN,117,CLE,112
Charlotte Hornets,109,Washington Wizards,103,,,,,,,,,CHA,109,WAS,103
Oklahoma City Thunder,101,Atlanta Hawks,113,,,,,,,,,OKC,101,ATL,113
Houston Rockets,90,Boston Celtics,108,,,,,,,,,HOU,90,BOS,108
Indiana Pacers,109,Chicago Bulls,77,,,,,,,,,IND,109,CHI,77
Orlando Magic,92,Milwaukee Bucks,123,,,,,,,,,ORL,92,MIL,123
Minnesota Timberwolves,110,New Orleans Pelicans,96,,,,,,,,,MIN,110,NOP,96
Phoenix Suns,115,San Antonio Spurs,111,,,,,,,,,PHX,115,SAS,111
Memphis Grizzlies,119,Utah Jazz,118,,,,,,,,,MEM,119,UTA,118
Philadelphia 76ers,102,Sacramento Kings,94,,,,,,,,,PHI,102,SAC,94
Miami Heat,100,Detroit Pistons,92,,,,,,,,,MIA,100,DET,92
Los Angeles Lakers,100,New York Knicks,106,,,,,,,,,LAL,100,NYK,106
Denver Nuggets,100,Portland Trail Blazers,119,,,,,,,,,DEN,100,PHX,119
Dallas Mavericks,112,Los Angeles Clippers,104,,,,,,,,,DAL,112,LAC,104
Phoenix Suns,120,Cleveland Cavaliers,115,,,,,,,,,PHX,120,CLE,115
Los Angeles Lakers,124,Indiana Pacers,116,,,,,,,,,LAL,124,IND,116
Charlotte Hornets,106,Orlando Magic,99,,,,,,,,,CHA,106,ORL,99
Brooklyn Nets,123,Boston Celtics,104,,,,,,,,,BKN,123,BOS,104
Chicago Bulls,113,Houston Rockets,118,,,,,,,,,CHI,113,HOU,118
Toronto Raptors,126,Memphis Grizzlies,113,,,,,,,,,TOR,126,MEM,113
Detroit Pistons,93,Milwaukee Bucks,114,,,,,,,,,DET,93,MIL,114
Miami Heat,101,Minnesota Timberwolves,113,,,,,,,,,MIA,101,MIN,113
Washington Wizards,102,New Orleans Pelicans,127,,,,,,,,,WAS,102,NOP,127
Utah Jazz,110,Oklahoma City Thunder,104,,,,,,,,,UTA,110,OKC,104
Atlanta Hawks,124,San Antonio Spurs,106,,,,,,,,,ATL,124,SAS,106
Philadelphia 76ers,96,Golden State Warriors,116,,,,,,,,,PHI,96,GSW,116
Portland Trail Blazers,121,Sacramento Kings,125,,,,,,,,,PHX,121,SAC,125
Detroit Pistons,96,Los Angeles Clippers,107,,,,,,,,,DET,96,LAC,107
Minnesota Timberwolves,115,Charlotte Hornets,133,,,,,,,,,MIN,115,CHA,133
Phoenix Suns,118,New York Knicks,97,,,,,,,,,PHX,118,NYK,97
Chicago Bulls,123,Orlando Magic,88,,,,,,,,,CHI,123,ORL,88
Toronto Raptors,97,Indiana Pacers,114,,,,,,,,,TOR,97,IND,114
Atlanta Hawks,132,Memphis Grizzlies,100,,,,,,,,,ATL,132,MEM,100
Washington Wizards,101,Oklahoma City Thunder,99,,,,,,,,,WAS,101,OKC,99
Boston Celtics,88,San Antonio Spurs,96,,,,,,,,,BOS,88,SAS,96
Milwaukee Bucks,120,Denver Nuggets,109,,,,,,,,,MIL,120,DEN,109
New Orleans Pelicans,98,Utah Jazz,97,,,,,,,,,NOP,98,UTA,97
Portland Trail Blazers,103,Golden State Warriors,118,,,,,,,,,PHX,103,GSW,118
Sacramento Kings,141,Los Angeles Lakers,137,,,,,,,,,SAC,141,LAL,137
Minnesota Timberwolves,121,Philadelphia 76ers,120,,,,,,,,,MIN,121,PHI,120
New York Knicks,99,Atlanta Hawks,90,,,,,,,,,NYK,99,ATL,90
Phoenix Suns,113,Brooklyn Nets,107,,,,,,,,,PHX,113,BKN,107
Miami Heat,107,Chicago Bulls,104,,,,,,,,,MIA,107,CHI,104
Orlando Magic,92,Cleveland Cavaliers,105,,,,,,,,,ORL,92,CLE,105
Charlotte Hornets,143,Houston Rockets,146,,,,,,,,,CHA,143,HOU,146
Washington Wizards,120,Dallas Mavericks,114,,,,,,,,,WAS,120,DAL,114
New Orleans Pelicans,105,Utah Jazz,127,,,,,,,,,NOP,105,UTA,127
Golden State Warriors,105,Los Angeles Clippers,90,,,,,,,,,GSW,105,LAC,90
Milwaukee Bucks,118,Indiana Pacers,100,,,,,,,,,MIL,118,IND,100
Sacramento Kings,101,Memphis Grizzlies,128,,,,,,,,,SAC,101,MEM,128
Boston Celtics,109,Toronto Raptors,97,,,,,,,,,BOS,109,TOR,97
Detroit Pistons,106,Los Angeles Lakers,110,,,,,,,,,DET,106,LAL,110
Orlando Magic,96,Philadelphia 76ers,101,,,,,,,,,ORL,96,PHI,101
Denver Nuggets,120,Miami Heat,111,,,,,,,,,DEN,120,MIA,111
Charlotte Hornets,119,Chicago Bulls,133,,,,,,,,,CHA,119,CHI,133
Oklahoma City Thunder,89,Houston Rockets,102,,,,,,,,,OKC,89,HOU,102
Indiana Pacers,98,Minnesota Timberwolves,100,,,,,,,,,IND,98,MIN,100
Cleveland Cavaliers,114,Dallas Mavericks,96,,,,,,,,,CLE,114,DAL,96
Washington Wizards,99,San Antonio Spurs,116,,,,,,,,,WAS,99,SAS,116
Portland Trail Blazers,107,Utah Jazz,129,,,,,,,,,PHX,107,UTA,129
New Orleans Pelicans,123,Los Angeles Clippers,104,,,,,,,,,NOP,123,LAC,104
New York Knicks,110,Brooklyn Nets,112,,,,,,,,,NYK,110,BKN,112
Memphis Grizzlies,98,Toronto Raptors,91,,,,,,,,,MEM,98,TOR,91
Golden State Warriors,96,Phoenix Suns,104,,,,,,,,,GSW,96,PHX,104
Detroit Pistons,92,Portland Trail Blazers,110,,,,,,,,,DET,92,PHX,110
Los Angeles Lakers,117,Sacramento Kings,92,,,,,,,,,LAL,117,SAC,92
Atlanta Hawks,114,Indiana Pacers,111,,,,,,,,,ATL,114,IND,111
Denver Nuggets,103,Orlando Magic,108,,,,,,,,,DEN,103,ORL,108
Minnesota Timberwolves,107,Washington Wizards,115,,,,,,,,,MIN,107,WAS,115
Philadelphia 76ers,87,Boston Celtics,88,,,,,,,,,PHI,87,BOS,88
Cleveland Cavaliers,111,Miami Heat,85,,,,,,,,,CLE,111,MIA,85
Charlotte Hornets,125,Milwaukee Bucks,127,,,,,,,,,CHA,125,MIL,127
Dallas Mavericks,139,New Orleans Pelicans,107,,,,,,,,,DAL,139,NOP,107
Houston Rockets,114,Oklahoma City Thunder,110,,,,,,,,,HOU,114,OKC,110
Sacramento Kings,124,Los Angeles Clippers,115,,,,,,,,,SAC,124,LAC,115
Chicago Bulls,119,New York Knicks,115,,,,,,,,,CHI,119,NYK,115
Milwaukee Bucks,93,Toronto Raptors,97,,,,,,,,,MIL,93,TOR,97
Oklahoma City Thunder,79,Memphis Grizzlies,152,,,,,,,,,OKC,79,MEM,152
Detroit Pistons,103,Phoenix Suns,114,,,,,,,,,DET,103,PHX,114
San Antonio Spurs,114,Portland Trail Blazers,83,,,,,,,,,SAS,114,PHX,83
Miami Heat,113,Indiana Pacers,104,,,,,,,,,MIA,113,IND,104
Cleveland Cavaliers,116,Washington Wizards,101,,,,,,,,,CLE,116,WAS,101
Philadelphia 76ers,98,Atlanta Hawks,96,,,,,,,,,PHI,98,ATL,96
Minnesota Timberwolves,105,Brooklyn Nets,110,,,,,,,,,MIN,105,BKN,110
Orlando Magic,116,Houston Rockets,118,,,,,,,,,ORL,116,HOU,118
New Orleans Pelicans,107,Dallas Mavericks,91,,,,,,,,,NOP,107,DAL,91
Boston Celtics,130,Utah Jazz,137,,,,,,,,,BOS,130,UTA,137
Phoenix Suns,96,Golden State Warriors,118,,,,,,,,,PHX,96,GSW,118
Los Angeles Clippers,119,Los Angeles Lakers,115,,,,,,,,,LAC,119,LAL,115
Denver Nuggets,113,New York Knicks,99,,,,,,,,,DEN,113,NYK,99
Chicago Bulls,111,Brooklyn Nets,107,,,,,,,,,CHI,111,BKN,107
Miami Heat,102,Milwaukee Bucks,124,,,,,,,,,MIA,102,MIL,124
Memphis Grizzlies,97,Dallas Mavericks,90,,,,,,,,,MEM,97,DAL,90
San Antonio Spurs,112,Golden State Warriors,107,,,,,,,,,SAS,112,GSW,107
Boston Celtics,145,Portland Trail Blazers,117,,,,,,,,,BOS,145,PHX,117
Los Angeles Clippers,99,Sacramento Kings,104,,,,,,,,,LAC,99,SAC,104
Utah Jazz,109,Cleveland Cavaliers,108,,,,,,,,,UTA,109,CLE,108
Charlotte Hornets,130,Atlanta Hawks,127,,,,,,,,,CHA,130,ATL,127
Washington Wizards,90,Toronto Raptors,102,,,,,,,,,WAS,90,TOR,102
New Orleans Pelicans,108,Houston Rockets,118,,,,,,,,,NOP,108,HOU,118
Philadelphia 76ers,127,Charlotte Hornets,124,,,,,,,,,PHI,127,CHA,124
Oklahoma City Thunder,114,Detroit Pistons,103,,,,,,,,,OKC,114,DET,103
Washington Wizards,110,Indiana Pacers,116,,,,,,,,,WAS,110,IND,116
Memphis Grizzlies,105,Miami Heat,90,,,,,,,,,MEM,105,MIA,90
Denver Nuggets,97,Chicago Bulls,109,,,,,,,,,DEN,97,CHI,109
Cleveland Cavaliers,104,Milwaukee Bucks,112,,,,,,,,,CLE,104,MIL,112
Atlanta Hawks,121,Minnesota Timberwolves,110,,,,,,,,,ATL,121,MIN,110
San Antonio Spurs,104,Phoenix Suns,108,,,,,,,,,SAS,104,PHX,108
Orlando Magic,95,Golden State Warriors,126,,,,,,,,,ORL,95,GSW,126
Los Angeles Clippers,102,Portland Trail Blazers,90,,,,,,,,,LAC,102,PHX,90
Brooklyn Nets,102,Dallas Mavericks,99,,,,,,,,,BKN,102,DAL,99
New York Knicks,121,San Antonio Spurs,109,,,,,,,,,NYK,121,SAS,109
Boston Celtics,102,Los Angeles Lakers,117,,,,,,,,,BOS,102,LAL,117
Philadelphia 76ers,110,Charlotte Hornets,106,,,,,,,,,PHI,110,CHA,106
Chicago Bulls,92,Cleveland Cavaliers,115,,,,,,,,,CHI,92,CLE,115
Washington Wizards,119,Detroit Pistons,116,,,,,,,,,WAS,119,DET,116
New York Knicks,102,Indiana Pacers,122,,,,,,,,,NYK,102,IND,122
Milwaukee Bucks,104,Miami Heat,113,,,,,,,,,MIL,104,MIA,113
Oklahoma City Thunder,110,Toronto Raptors,109,,,,,,,,,OKC,110,TOR,109
Brooklyn Nets,104,Houston Rockets,114,,,,,,,,,BKN,104,HOU,114
Dallas Mavericks,104,Memphis Grizzlies,96,,,,,,,,,DAL,104,MEM,96
Utah Jazz,136,Minnesota Timberwolves,104,,,,,,,,,UTA,136,MIN,104
Denver Nuggets,120,New Orleans Pelicans,114,,,,,,,,,DEN,120,NOP,114
Portland Trail Blazers,94,Golden State Warriors,104,,,,,,,,,PHX,94,GSW,104
Orlando Magic,130,Sacramento Kings,142,,,,,,,,,ORL,130,SAC,142
Boston Celtics,111,Los Angeles Clippers,114,,,,,,,,,BOS,111,LAC,114
Utah Jazz,118,Philadelphia 76ers,96,,,,,,,,,UTA,118,PHI,96
Los Angeles Lakers,95,Memphis Grizzlies,108,,,,,,,,,LAL,95,MEM,108
Denver Nuggets,111,San Antonio Spurs,123,,,,,,,,,DEN,111,SAS,123
Sacramento Kings,123,Charlotte Hornets,124,,,,,,,,,SAC,123,CHA,124
Dallas Mavericks,93,Indiana Pacers,106,,,,,,,,,DAL,93,IND,106
Brooklyn Nets,113,Atlanta Hawks,105,,,,,,,,,BKN,113,ATL,105
New York Knicks,87,Toronto Raptors,90,,,,,,,,,NYK,87,TOR,90
Milwaukee Bucks,123,Houston Rockets,114,,,,,,,,,MIL,123,HOU,114
Cleveland Cavaliers,123,Minnesota Timberwolves,106,,,,,,,,,CLE,123,MIN,106
Detroit Pistons,93,New Orleans Pelicans,109,,,,,,,,,DET,93,NOP,109
Los Angeles Lakers,116,Oklahoma City Thunder,95,,,,,,,,,LAL,116,OKC,95
Boston Celtics,90,Phoenix Suns,111,,,,,,,,,BOS,90,PHX,111
Orlando Magic,104,Los Angeles Clippers,106,,,,,,,,,ORL,104,LAC,106
Utah Jazz,123,Washington Wizards,98,,,,,,,,,UTA,123,WAS,98
Sacramento Kings,103,Cleveland Cavaliers,117,,,,,,,,,SAC,103,CLE,117
Houston Rockets,106,Memphis Grizzlies,113,,,,,,,,,HOU,106,MEM,113
Chicago Bulls,92,Miami Heat,118,,,,,,,,,CHI,92,MIA,118
Golden State Warriors,93,Philadelphia 76ers,102,,,,,,,,,GSW,93,PHI,102
Denver Nuggets,127,San Antonio Spurs,112,,,,,,,,,DEN,127,SAS,112
Milwaukee Bucks,112,New York Knicks,97,,,,,,,,,MIL,112,NYK,97
Brooklyn Nets,116,Detroit Pistons,104,,,,,,,,,BKN,116,DET,104
Dallas Mavericks,103,Oklahoma City Thunder,84,,,,,,,,,DAL,103,OKC,84
New Orleans Pelicans,97,San Antonio Spurs,112,,,,,,,,,NOP,97,SAS,112
Minnesota Timberwolves,116,Portland Trail Blazers,111,,,,,,,,,MIN,116,PHX,111
Orlando Magic,94,Los Angeles Lakers,106,,,,,,,,,ORL,94,LAL,106
Miami Heat,94,Cleveland Cavaliers,105,,,,,,,,,MIA,94,CLE,105
Golden State Warriors,102,Indiana Pacers,100,,,,,,,,,GSW,102,IND,100
Sacramento Kings,101,Toronto Raptors,124,,,,,,,,,SAC,101,TOR,124
Houston Rockets,132,Atlanta Hawks,126,,,,,,,,,HOU,132,ATL,126
Milwaukee Bucks,103,Boston Celtics,117,,,,,,,,,MIL,103,BOS,117
Philadelphia 76ers,91,Memphis Grizzlies,126,,,,,,,,,PHI,91,MEM,126
Charlotte Hornets,96,Dallas Mavericks,120,,,,,,,,,CHA,96,DAL,120
Washington Wizards,107,Denver Nuggets,113,,,,,,,,,WAS,107,DEN,113
Phoenix Suns,95,Los Angeles Clippers,111,,,,,,,,,PHX,95,LAC,111
Toronto Raptors,129,Brooklyn Nets,131,,,,,,,,,TOR,129,BKN,131
Golden State Warriors,105,New York Knicks,96,,,,,,,,,GSW,105,NYK,96
Phoenix Suns,111,Portland Trail Blazers,107,,,,,,,,,PHX,111,PHX,107
Houston Rockets,89,Cleveland Cavaliers,124,,,,,,,,,HOU,89,CLE,124
Atlanta Hawks,111,Orlando Magic,99,,,,,,,,,ATL,111,ORL,99
Miami Heat,101,Philadelphia 76ers,96,,,,,,,,,MIA,101,PHI,96
Los Angeles Lakers,107,Dallas Mavericks,104,,,,,,,,,LAL,107,DAL,104
Indiana Pacers,99,Milwaukee Bucks,114,,,,,,,,,IND,99,MIL,114
New Orleans Pelicans,113,Oklahoma City Thunder,110,,,,,,,,,NOP,113,OKC,110
Charlotte Hornets,131,San Antonio Spurs,115,,,,,,,,,CHA,131,SAS,115
Minnesota Timberwolves,124,Denver Nuggets,107,,,,,,,,,MIN,124,DEN,107
Memphis Grizzlies,113,Portland Trail Blazers,103,,,,,,,,,MEM,113,PHX,103
Washington Wizards,105,Sacramento Kings,119,,,,,,,,,WAS,105,SAC,119
Los Angeles Clippers,103,Utah Jazz,124,,,,,,,,,LAC,103,UTA,124
Detroit Pistons,113,Indiana Pacers,122,,,,,,,,,DET,113,IND,122
Philadelphia 76ers,105,Brooklyn Nets,114,,,,,,,,,PHI,105,BKN,114
New York Knicks,116,Houston Rockets,103,,,,,,,,,NYK,116,HOU,103
Washington Wizards,98,Phoenix Suns,118,,,,,,,,,WAS,98,PHX,118
Miami Heat,115,Orlando Magic,105,,,,,,,,,MIA,115,ORL,105
Denver Nuggets,133,Atlanta Hawks,115,,,,,,,,,DEN,133,ATL,115
Golden State Warriors,111,Boston Celtics,107,,,,,,,,,GSW,111,BOS,107
Milwaukee Bucks,112,New Orleans Pelicans,116,,,,,,,,,MIL,112,NOP,116
San Antonio Spurs,128,Utah Jazz,126,,,,,,,,,SAS,128,UTA,126
Los Angeles Lakers,92,Minnesota Timberwolves,110,,,,,,,,,LAL,92,MIN,110
Charlotte Hornets,116,Portland Trail Blazers,125,,,,,,,,,CHA,116,PHX,125
Memphis Grizzlies,124,Sacramento Kings,105,,,,,,,,,MEM,124,SAC,105
Houston Rockets,116,Detroit Pistons,107,,,,,,,,,HOU,116,DET,107
New York Knicks,107,Boston Celtics,114,,,,,,,,,NYK,107,BOS,114
Orlando Magic,100,Brooklyn Nets,93,,,,,,,,,ORL,100,BKN,93
Golden State Warriors,100,Toronto Raptors,119,,,,,,,,,GSW,100,TOR,119
Los Angeles Clippers,103,Oklahoma City Thunder,104,,,,,,,,,LAC,103,OKC,104
Cleveland Cavaliers,119,Milwaukee Bucks,90,,,,,,,,,CLE,119,MIL,90
Washington Wizards,109,Utah Jazz,103,,,,,,,,,WAS,109,UTA,103
Miami Heat,90,Detroit Pistons,100,,,,,,,,,MIA,90,DET,100
Portland Trail Blazers,105,Memphis Grizzlies,100,,,,,,,,,PHX,105,MEM,100
San Antonio Spurs,114,Sacramento Kings,121,,,,,,,,,SAS,114,SAC,121
Los Angeles Lakers,110,Chicago Bulls,115,,,,,,,,,LAL,110,CHI,115
Dallas Mavericks,105,Minnesota Timberwolves,111,,,,,,,,,DAL,105,MIN,111
Charlotte Hornets,106,Phoenix Suns,137,,,,,,,,,CHA,106,PHX,137
Philadelphia 76ers,108,Boston Celtics,103,,,,,,,,,PHI,108,BOS,103
Houston Rockets,118,Chicago Bulls,133,,,,,,,,,HOU,118,CHI,133
Oklahoma City Thunder,102,Memphis Grizzlies,99,,,,,,,,,OKC,102,MEM,99
Charlotte Hornets,102,Utah Jazz,112,,,,,,,,,CHA,102,UTA,112
Sacramento Kings,98,Golden State Warriors,113,,,,,,,,,SAC,98,GSW,113
San Antonio Spurs,116,Los Angeles Clippers,92,,,,,,,,,SAS,116,LAC,92
Indiana Pacers,96,Miami Heat,125,,,,,,,,,IND,96,MIA,125
Detroit Pistons,91,New York Knicks,105,,,,,,,,,DET,91,NYK,105
Portland Trail Blazers,97,New Orleans Pelicans,111,,,,,,,,,PHX,97,NOP,111
Minnesota Timberwolves,102,Dallas Mavericks,114,,,,,,,,,MIN,102,DAL,114
Phoenix Suns,108,Los Angeles Lakers,90,,,,,,,,,PHX,108,LAL,90
Orlando Magic,104,Atlanta Hawks,98,,,,,,,,,ORL,104,ATL,98
Cleveland Cavaliers,101,Boston Celtics,111,,,,,,,,,CLE,101,BOS,111
Houston Rockets,106,Milwaukee Bucks,126,,,,,,,,,HOU,106,MIL,126
Denver Nuggets,94,Oklahoma City Thunder,108,,,,,,,,,DEN,94,OKC,108
Los Angeles Clippers,105,Sacramento Kings,89,,,,,,,,,LAC,105,SAC,89
Houston Rockets,106,Indiana Pacers,118,,,,,,,,,HOU,106,IND,118
New Orleans Pelicans,110,Orlando Magic,104,,,,,,,,,NOP,110,ORL,104
Atlanta Hawks,98,Philadelphia 76ers,96,,,,,,,,,ATL,98,PHI,96
Detroit Pistons,112,Miami Heat,115,,,,,,,,,DET,112,MIA,115
Washington Wizards,124,New York Knicks,117,,,,,,,,,WAS,124,NYK,117
Milwaukee Bucks,102,Dallas Mavericks,95,,,,,,,,,MIL,102,DAL,95
Charlotte Hornets,115,Denver Nuggets,107,,,,,,,,,CHA,115,DEN,107
Oklahoma City Thunder,101,Phoenix Suns,113,,,,,,,,,OKC,101,PHX,113
Minnesota Timberwolves,116,Utah Jazz,128,,,,,,,,,MIN,116,UTA,128
Memphis Grizzlies,104,Golden State Warriors,113,,,,,,,,,MEM,104,GSW,113
San Antonio Spurs,138,Los Angeles Lakers,110,,,,,,,,,SAS,138,LAL,110
Atlanta Hawks,87,New York Knicks,101,,,,,,,,,ATL,87,NYK,101
Boston Celtics,113,Milwaukee Bucks,117,,,,,,,,,BOS,113,MIL,117
Golden State Warriors,116,Phoenix Suns,107,,,,,,,,,GSW,116,PHX,107
Brooklyn Nets,122,Los Angeles Lakers,115,,,,,,,,,BKN,122,LAL,115
Dallas Mavericks,116,Utah Jazz,120,,,,,,,,,DAL,116,UTA,120
Orlando Magic,83,Miami Heat,93,,,,,,,,,ORL,83,MIA,93
Toronto Raptors,99,Cleveland Cavaliers,144,,,,,,,,,TOR,99,CLE,144
Memphis Grizzlies,127,Sacramento Kings,102,,,,,,,,,MEM,127,SAC,102
Philadelphia 76ers,117,Washington Wizards,96,,,,,,,,,PHI,117,WAS,96
New Orleans Pelicans,112,Oklahoma City Thunder,117,,,,,,,,,NOP,112,OKC,117
Detroit Pistons,109,San Antonio Spurs,144,,,,,,,,,DET,109,SAS,144
Indiana Pacers,105,Chicago Bulls,113,,,,,,,,,IND,105,CHI,113
Denver Nuggets,103,Los Angeles Clippers,100,,,,,,,,,DEN,103,LAC,100
Houston Rockets,99,Charlotte Hornets,123,,,,,,,,,HOU,99,CHA,123
Chicago Bulls,130,Atlanta Hawks,118,,,,,,,,,CHI,130,ATL,118
Boston Celtics,103,Minnesota Timberwolves,108,,,,,,,,,BOS,103,MIN,108
Utah Jazz,110,San Antonio Spurs,104,,,,,,,,,UTA,110,SAS,104
Memphis Grizzlies,114,Phoenix Suns,113,,,,,,,,,MEM,114,PHX,113
Dallas Mavericks,132,Portland Trail Blazers,117,,,,,,,,,DAL,132,PHX,117
Brooklyn Nets,124,Los Angeles Clippers,108,,,,,,,,,BKN,124,LAC,108
Milwaukee Bucks,127,Orlando Magic,110,,,,,,,,,MIL,127,ORL,110
Washington Wizards,112,Miami Heat,119,,,,,,,,,WAS,112,MIA,119
Philadelphia 76ers,114,Toronto Raptors,109,,,,,,,,,PHI,114,TOR,109
Los Angeles Lakers,132,Houston Rockets,123,,,,,,,,,LAL,132,HOU,123
New York Knicks,96,Minnesota Timberwolves,88,,,,,,,,,NYK,96,MIN,88
Cleveland Cavaliers,104,New Orleans Pelicans,108,,,,,,,,,CLE,104,NOP,108
Denver Nuggets,89,Golden State Warriors,86,,,,,,,,,DEN,89,GSW,86
Oklahoma City Thunder,111,Sacramento Kings,117,,,,,,,,,OKC,111,SAC,117
New York Knicks,94,Detroit Pistons,85,,,,,,,,,NYK,94,DET,85
Charlotte Hornets,116,Indiana Pacers,108,,,,,,,,,CHA,116,IND,108
Los Angeles Clippers,91,Boston Celtics,82,,,,,,,,,LAC,91,BOS,82
Atlanta Hawks,117,Chicago Bulls,131,,,,,,,,,ATL,117,CHI,131
Los Angeles Lakers,99,Memphis Grizzlies,104,,,,,,,,,LAL,99,MEM,104
Oklahoma City Thunder,97,Phoenix Suns,115,,,,,,,,,OKC,97,PHX,115
Utah Jazz,120,Portland Trail Blazers,105,,,,,,,,,UTA,120,PHX,105
Dallas Mavericks,94,Sacramento Kings,95,,,,,,,,,DAL,94,SAC,95
Philadelphia 76ers,110,Brooklyn Nets,102,,,,,,,,,PHI,110,BKN,102
Milwaukee Bucks,136,Orlando Magic,118,,,,,,,,,MIL,136,ORL,118
Cleveland Cavaliers,93,Washington Wizards,110,,,,,,,,,CLE,93,WAS,110
Phoenix Suns,108,Boston Celtics,123,,,,,,,,,PHX,108,BOS,123
Chicago Bulls,108,Indiana Pacers,106,,,,,,,,,CHI,108,IND,106
Dallas Mavericks,112,Sacramento Kings,96,,,,,,,,,DAL,112,SAC,96
Miami Heat,120,Houston Rockets,110,,,,,,,,,MIA,120,HOU,110
Atlanta Hawks,121,Cleveland Cavaliers,118,,,,,,,,,ATL,121,CLE,118
Los Angeles Clippers,108,Toronto Raptors,116,,,,,,,,,LAC,108,TOR,116
San Antonio Spurs,105,Memphis Grizzlies,118,,,,,,,,,SAS,105,MEM,118
New York Knicks,80,Oklahoma City Thunder,95,,,,,,,,,NYK,80,OKC,95
Minnesota Timberwolves,108,Utah Jazz,120,,,,,,,,,MIN,108,UTA,120
Portland Trail Blazers,106,Los Angeles Lakers,139,,,,,,,,,PHX,106,LAL,139
New Orleans Pelicans,113,Milwaukee Bucks,136,,,,,,,,,NOP,113,MIL,136
San Antonio Spurs,116,Detroit Pistons,117,,,,,,,,,SAS,116,DET,117
Chicago Bulls,120,Washington Wizards,119,,,,,,,,,CHI,120,WAS,119
Los Angeles Clippers,120,Brooklyn Nets,116,,,,,,,,,LAC,120,BKN,116
Denver Nuggets,124,Houston Rockets,111,,,,,,,,,DEN,124,HOU,111
Golden State Warriors,123,Utah Jazz,116,,,,,,,,,GSW,123,UTA,116
New York Knicks,105,Toronto Raptors,120,,,,,,,,,NYK,105,TOR,120
Orlando Magic,111,Boston Celtics,116,,,,,,,,,ORL,111,BOS,116
Indiana Pacers,104,Cleveland Cavaliers,108,,,,,,,,,IND,104,CLE,108
Miami Heat,113,Sacramento Kings,115,,,,,,,,,MIA,113,SAC,115
Phoenix Suns,133,Charlotte Hornets,99,,,,,,,,,PHX,133,CHA,99
Dallas Mavericks,95,Oklahoma City Thunder,86,,,,,,,,,DAL,95,OKC,86
Minnesota Timberwolves,103,Los Angeles Lakers,108,,,,,,,,,MIN,103,LAL,108
Houston Rockets,113,Philadelphia 76ers,133,,,,,,,,,HOU,113,PHI,133
Charlotte Hornets,121,Washington Wizards,124,,,,,,,,,CHA,121,WAS,124
Memphis Grizzlies,118,Brooklyn Nets,104,,,,,,,,,MEM,118,BKN,104
Orlando Magic,98,Chicago Bulls,102,,,,,,,,,ORL,98,CHI,102
Detroit Pistons,115,Milwaukee Bucks,106,,,,,,,,,DET,115,MIL,106
Utah Jazz,115,New Orleans Pelicans,104,,,,,,,,,UTA,115,NOP,104
Denver Nuggets,89,Dallas Mavericks,103,,,,,,,,,DEN,89,DAL,103
Miami Heat,108,Golden State Warriors,115,,,,,,,,,MIA,108,GSW,115
Atlanta Hawks,131,Portland Trail Blazers,136,,,,,,,,,ATL,131,PHX,136
Minnesota Timberwolves,122,Los Angeles Clippers,104,,,,,,,,,MIN,122,LAC,104
Memphis Grizzlies,110,Cleveland Cavaliers,106,,,,,,,,,MEM,110,CLE,106
San Antonio Spurs,104,Toronto Raptors,129,,,,,,,,,SAS,104,TOR,129
Indiana Pacers,94,New York Knicks,104,,,,,,,,,IND,94,NYK,104
Phoenix Suns,123,New Orleans Pelicans,110,,,,,,,,,PHX,123,NOP,110
Sacramento Kings,114,Los Angeles Lakers,122,,,,,,,,,SAC,114,LAL,122
Detroit Pistons,111,Charlotte Hornets,140,,,,,,,,,DET,111,CHA,140
Philadelphia 76ers,116,Orlando Magic,106,,,,,,,,,PHI,116,ORL,106
Houston Rockets,114,Washington Wizards,111,,,,,,,,,HOU,114,WAS,111
San Antonio Spurs,99,Boston Celtics,97,,,,,,,,,SAS,99,BOS,97
Golden State Warriors,82,Dallas Mavericks,99,,,,,,,,,GSW,82,DAL,99
Brooklyn Nets,129,Indiana Pacers,121,,,,,,,,,BKN,129,IND,121
Toronto Raptors,117,Milwaukee Bucks,111,,,,,,,,,TOR,117,MIL,111
Oklahoma City Thunder,90,Minnesota Timberwolves,98,,,,,,,,,OKC,90,MIN,98
Utah Jazz,115,Denver Nuggets,109,,,,,,,,,UTA,115,DEN,109
Miami Heat,115,Portland Trail Blazers,109,,,,,,,,,MIA,115,PHX,109
Atlanta Hawks,108,Sacramento Kings,102,,,,,,,,,ATL,108,SAC,102
Boston Celtics,105,New York Knicks,108,,,,,,,,,BOS,105,NYK,108
Detroit Pistons,88,Memphis Grizzlies,118,,,,,,,,,DET,88,MEM,118
Golden State Warriors,96,New Orleans Pelicans,101,,,,,,,,,GSW,96,NOP,101
Los Angeles Clippers,89,Phoenix Suns,106,,,,,,,,,LAC,89,PHX,106
San Antonio Spurs,100,Philadelphia 76ers,119,,,,,,,,,SAS,100,PHI,119
Milwaukee Bucks,121,Brooklyn Nets,109,,,,,,,,,MIL,121,BKN,109
Utah Jazz,108,Toronto Raptors,122,,,,,,,,,UTA,108,TOR,122
Washington Wizards,122,Chicago Bulls,130,,,,,,,,,WAS,122,CHI,130
Dallas Mavericks,130,Houston Rockets,106,,,,,,,,,DAL,130,HOU,106
Minnesota Timberwolves,135,Oklahoma City Thunder,105,,,,,,,,,MIN,135,OKC,105
Sacramento Kings,111,Denver Nuggets,121,,,,,,,,,SAC,111,DEN,121
Atlanta Hawks,118,Los Angeles Lakers,134,,,,,,,,,ATL,118,LAL,134
Cleveland Cavaliers,114,Portland Trail Blazers,101,,,,,,,,,CLE,114,PHX,101
Memphis Grizzlies,123,Los Angeles Clippers,108,,,,,,,,,MEM,123,LAC,108
Milwaukee Bucks,106,Charlotte Hornets,114,,,,,,,,,MIL,106,CHA,114
Orlando Magic,92,Detroit Pistons,97,,,,,,,,,ORL,92,DET,97
Utah Jazz,113,Indiana Pacers,125,,,,,,,,,UTA,113,IND,125
New York Knicks,75,Boston Celtics,99,,,,,,,,,NYK,75,BOS,99
Miami Heat,123,Phoenix Suns,100,,,,,,,,,MIA,123,PHX,100
San Antonio Spurs,119,Brooklyn Nets,121,,,,,,,,,SAS,119,BKN,121
Atlanta Hawks,93,Los Angeles Clippers,106,,,,,,,,,ATL,93,LAC,106
Washington Wizards,102,Orlando Magic,100,,,,,,,,,WAS,102,ORL,100
New Orleans Pelicans,101,Toronto Raptors,105,,,,,,,,,NOP,101,TOR,105
Minnesota Timberwolves,141,Houston Rockets,123,,,,,,,,,MIN,141,HOU,123
Denver Nuggets,99,Oklahoma City Thunder,95,,,,,,,,,DEN,99,OKC,95
Chicago Bulls,99,Dallas Mavericks,113,,,,,,,,,CHI,99,DAL,113
Cleveland Cavaliers,82,Golden State Warriors,96,,,,,,,,,CLE,82,GSW,96
Sacramento Kings,88,Portland Trail Blazers,103,,,,,,,,,SAC,88,PHX,103
Memphis Grizzlies,127,Los Angeles Lakers,119,,,,,,,,,MEM,127,LAL,119
Milwaukee Bucks,99,Charlotte Hornets,103,,,,,,,,,MIL,99,CHA,103
Utah Jazz,116,Detroit Pistons,126,,,,,,,,,UTA,116,DET,126
Indiana Pacers,98,Boston Celtics,101,,,,,,,,,IND,98,BOS,101
San Antonio Spurs,96,New York Knicks,111,,,,,,,,,SAS,96,NYK,111
Philadelphia 76ers,111,Houston Rockets,91,,,,,,,,,PHI,111,HOU,91
Brooklyn Nets,108,Portland Trail Blazers,114,,,,,,,,,BKN,108,PHX,114
Cleveland Cavaliers,109,Sacramento Kings,108,,,,,,,,,CLE,109,SAC,108
Oklahoma City Thunder,118,Washington Wizards,122,,,,,,,,,OKC,118,WAS,122
Phoenix Suns,99,Toronto Raptors,95,,,,,,,,,PHX,99,TOR,95
Detroit Pistons,87,Chicago Bulls,133,,,,,,,,,DET,87,CHI,133
Golden State Warriors,108,Memphis Grizzlies,116,,,,,,,,,GSW,108,MEM,116
Minnesota Timberwolves,125,New Orleans Pelicans,128,,,,,,,,,MIN,125,NOP,128
Denver Nuggets,85,Los Angeles Clippers,87,,,,,,,,,DEN,85,LAC,87
Boston Celtics,119,Indiana Pacers,100,,,,,,,,,BOS,119,IND,100
Charlotte Hornets,109,Philadelphia 76ers,98,,,,,,,,,CHA,109,PHI,98
Orlando Magic,106,Washington Wizards,112,,,,,,,,,ORL,106,WAS,112
Miami Heat,115,Atlanta Hawks,91,,,,,,,,,MIA,115,ATL,91
Dallas Mavericks,85,New York Knicks,108,,,,,,,,,DAL,85,NYK,108
Houston Rockets,128,San Antonio Spurs,124,,,,,,,,,HOU,128,SAS,124
Cleveland Cavaliers,111,Utah Jazz,91,,,,,,,,,CLE,111,UTA,91
Brooklyn Nets,138,Chicago Bulls,112,,,,,,,,,BKN,138,CHI,112
Los Angeles Lakers,116,Sacramento Kings,125,,,,,,,,,LAL,116,SAC,125
Golden State Warriors,99,Milwaukee Bucks,118,,,,,,,,,GSW,99,MIL,118
Minnesota Timberwolves,108,Memphis Grizzlies,116,,,,,,,,,MIN,108,MEM,116
Los Angeles Clippers,89,New Orleans Pelicans,113,,,,,,,,,LAC,89,NOP,113
Oklahoma City Thunder,130,Brooklyn Nets,109,,,,,,,,,OKC,130,BKN,109
Portland Trail Blazers,108,Denver Nuggets,140,,,,,,,,,PHX,108,DEN,140
Orlando Magic,116,Charlotte Hornets,109,,,,,,,,,ORL,116,CHA,109
Toronto Raptors,87,Detroit Pistons,103,,,,,,,,,TOR,87,DET,103
Phoenix Suns,112,Indiana Pacers,94,,,,,,,,,PHX,112,IND,94
Boston Celtics,99,Philadelphia 76ers,111,,,,,,,,,BOS,99,PHI,111
Golden State Warriors,138,Chicago Bulls,96,,,,,,,,,GSW,138,CHI,96
Atlanta Hawks,118,Miami Heat,124,,,,,,,,,ATL,118,MIA,124
Cleveland Cavaliers,114,San Antonio Spurs,109,,,,,,,,,CLE,114,SAS,109
Dallas Mavericks,112,Memphis Grizzlies,85,,,,,,,,,DAL,112,MEM,85
Houston Rockets,114,Sacramento Kings,126,,,,,,,,,HOU,114,SAC,126
Toronto Raptors,103,Milwaukee Bucks,96,,,,,,,,,TOR,103,MIL,96
Portland Trail Blazers,115,Washington Wizards,110,,,,,,,,,PHX,115,WAS,110
New York Knicks,117,Atlanta Hawks,108,,,,,,,,,NYK,117,ATL,108
New Orleans Pelicans,105,Brooklyn Nets,120,,,,,,,,,NOP,105,BKN,120
Philadelphia 76ers,109,Miami Heat,98,,,,,,,,,PHI,109,MIA,98
Cleveland Cavaliers,107,Oklahoma City Thunder,102,,,,,,,,,CLE,107,OKC,102
Chicago Bulls,112,Boston Celtics,114,,,,,,,,,CHI,112,BOS,114
Los Angeles Clippers,94,San Antonio Spurs,101,,,,,,,,,LAC,94,SAS,101
Los Angeles Lakers,96,Denver Nuggets,133,,,,,,,,,LAL,96,DEN,133
Orlando Magic,92,Dallas Mavericks,108,,,,,,,,,ORL,92,DAL,108
Phoenix Suns,135,Detroit Pistons,108,,,,,,,,,PHX,135,DET,108
Houston Rockets,118,Sacramento Kings,112,,,,,,,,,HOU,118,SAC,112
Utah Jazz,125,Denver Nuggets,102,,,,,,,,,UTA,125,DEN,102
Golden State Warriors,99,Minnesota Timberwolves,119,,,,,,,,,GSW,99,MIN,119
New Orleans Pelicans,92,Boston Celtics,104,,,,,,,,,NOP,92,BOS,104
Charlotte Hornets,97,New York Knicks,87,,,,,,,,,CHA,97,NYK,87
Philadelphia 76ers,98,Washington Wizards,117,,,,,,,,,PHI,98,WAS,117
Brooklyn Nets,107,Cleveland Cavaliers,114,,,,,,,,,BKN,107,CLE,114
Indiana Pacers,133,Los Angeles Clippers,139,,,,,,,,,IND,133,LAC,139
Chicago Bulls,106,Memphis Grizzlies,119,,,,,,,,,CHI,106,MEM,119
Milwaukee Bucks,114,Atlanta Hawks,121,,,,,,,,,MIL,114,ATL,121
Portland Trail Blazers,98,Orlando Magic,88,,,,,,,,,PHX,98,ORL,88
Toronto Raptors,99,Miami Heat,104,,,,,,,,,TOR,99,MIA,104
Oklahoma City Thunder,102,Dallas Mavericks,104,,,,,,,,,OKC,102,DAL,104
Phoenix Suns,121,San Antonio Spurs,107,,,,,,,,,PHX,121,SAS,107
Utah Jazz,95,Los Angeles Lakers,101,,,,,,,,,UTA,95,LAL,101
Minnesota Timberwolves,112,New York Knicks,110,,,,,,,,,MIN,112,NYK,110
Detroit Pistons,86,Golden State Warriors,102,,,,,,,,,DET,86,GSW,102
Orlando Magic,110,Philadelphia 76ers,123,,,,,,,,,ORL,110,PHI,123
Brooklyn Nets,119,Washington Wizards,118,,,,,,,,,BKN,119,WAS,118
Minnesota Timberwolves,122,Atlanta Hawks,134,,,,,,,,,MIN,122,ATL,134
Charlotte Hornets,111,Boston Celtics,102,,,,,,,,,CHA,111,BOS,102
Portland Trail Blazers,92,Miami Heat,104,,,,,,,,,PHX,92,MIA,104
Cleveland Cavaliers,104,Chicago Bulls,117,,,,,,,,,CLE,104,CHI,117
Memphis Grizzlies,114,Milwaukee Bucks,126,,,,,,,,,MEM,114,MIL,126
Toronto Raptors,98,Dallas Mavericks,102,,,,,,,,,TOR,98,DAL,102
Oklahoma City Thunder,96,San Antonio Spurs,118,,,,,,,,,OKC,96,SAS,118
Houston Rockets,116,Utah Jazz,111,,,,,,,,,HOU,116,UTA,111
Los Angeles Clippers,128,Denver Nuggets,130,,,,,,,,,LAC,128,DEN,130
Detroit Pistons,133,Sacramento Kings,131,,,,,,,,,DET,133,SAC,131
Indiana Pacers,111,Los Angeles Lakers,104,,,,,,,,,IND,111,LAL,104
Phoenix Suns,109,Dallas Mavericks,101,,,,,,,,,PHX,109,DAL,101
New Orleans Pelicans,102,New York Knicks,91,,,,,,,,,NOP,102,NYK,91
Indiana Pacers,121,Golden State Warriors,117,,,,,,,,,IND,121,GSW,117
Oklahoma City Thunder,98,Charlotte Hornets,121,,,,,,,,,OKC,98,CHA,121
Los Angeles Lakers,116,Orlando Magic,105,,,,,,,,,LAL,116,ORL,105
Los Angeles Clippers,102,Philadelphia 76ers,101,,,,,,,,,LAC,102,PHI,101
Miami Heat,108,Atlanta Hawks,110,,,,,,,,,MIA,108,ATL,110
Portland Trail Blazers,109,Boston Celtics,105,,,,,,,,,PHX,109,BOS,105
Chicago Bulls,90,Milwaukee Bucks,94,,,,,,,,,CHI,90,MIL,94
Toronto Raptors,109,Washington Wizards,105,,,,,,,,,TOR,109,WAS,105
Brooklyn Nets,117,San Antonio Spurs,102,,,,,,,,,BKN,117,SAS,102
Memphis Grizzlies,122,Denver Nuggets,118,,,,,,,,,MEM,122,DEN,118
Detroit Pistons,101,Utah Jazz,111,,,,,,,,,DET,101,UTA,111
Houston Rockets,103,Golden State Warriors,105,,,,,,,,,HOU,103,GSW,105
Sacramento Kings,127,Milwaukee Bucks,133,,,,,,,,,SAC,127,MIL,133
Oklahoma City Thunder,87,Cleveland Cavaliers,94,,,,,,,,,OKC,87,CLE,94
Indiana Pacers,103,Phoenix Suns,113,,,,,,,,,IND,103,PHX,113
Los Angeles Clippers,102,New York Knicks,110,,,,,,,,,LAC,102,NYK,110
Boston Celtics,116,Washington Wizards,87,,,,,,,,,BOS,116,WAS,87
Los Angeles Lakers,107,Miami Heat,113,,,,,,,,,LAL,107,MIA,113
Chicago Bulls,95,Orlando Magic,114,,,,,,,,,CHI,95,ORL,114
Portland Trail Blazers,114,Toronto Raptors,105,,,,,,,,,PHX,114,TOR,105
Atlanta Hawks,113,Charlotte Hornets,91,,,,,,,,,ATL,113,CHA,91
Philadelphia 76ers,115,San Antonio Spurs,109,,,,,,,,,PHI,115,SAS,109
Memphis Grizzlies,91,Dallas Mavericks,104,,,,,,,,,MEM,91,DAL,104
Detroit Pistons,111,Denver Nuggets,117,,,,,,,,,DET,111,DEN,117
Brooklyn Nets,125,Minnesota Timberwolves,136,,,,,,,,,BKN,125,MIN,136
Utah Jazz,92,Golden State Warriors,94,,,,,,,,,UTA,92,GSW,94
New York Knicks,93,Cleveland Cavaliers,95,,,,,,,,,NYK,93,CLE,95
Indiana Pacers,113,New Orleans Pelicans,117,,,,,,,,,IND,113,NOP,117
Chicago Bulls,111,Oklahoma City Thunder,110,,,,,,,,,CHI,111,OKC,110
Utah Jazz,109,Phoenix Suns,115,,,,,,,,,UTA,109,PHX,115
Denver Nuggets,110,Detroit Pistons,105,,,,,,,,,DEN,110,DET,105
New Orleans Pelicans,107,Philadelphia 76ers,117,,,,,,,,,NOP,107,PHI,117
Charlotte Hornets,113,Toronto Raptors,125,,,,,,,,,CHA,113,TOR,125
Los Angeles Clippers,116,Washington Wizards,115,,,,,,,,,LAC,116,WAS,115
Sacramento Kings,75,Boston Celtics,128,,,,,,,,,SAC,75,BOS,128
Los Angeles Lakers,106,Brooklyn Nets,96,,,,,,,,,LAL,106,BKN,96
San Antonio Spurs,134,Houston Rockets,104,,,,,,,,,SAS,134,HOU,104
Dallas Mavericks,92,Golden State Warriors,130,,,,,,,,,DAL,92,GSW,130
Minnesota Timberwolves,109,Portland Trail Blazers,107,,,,,,,,,MIN,109,PHX,107
Milwaukee Bucks,99,Cleveland Cavaliers,115,,,,,,,,,MIL,99,CLE,115
Charlotte Hornets,158,Indiana Pacers,126,,,,,,,,,CHA,158,IND,126
Los Angeles Clippers,111,Orlando Magic,102,,,,,,,,,LAC,111,ORL,102
Sacramento Kings,104,Atlanta Hawks,121,,,,,,,,,SAC,104,ATL,121
New York Knicks,96,Miami Heat,110,,,,,,,,,NYK,96,MIA,110
Denver Nuggets,124,Brooklyn Nets,118,,,,,,,,,DEN,124,BKN,118
Toronto Raptors,105,Chicago Bulls,111,,,,,,,,,TOR,105,CHI,111
Memphis Grizzlies,118,San Antonio Spurs,110,,,,,,,,,MEM,118,SAS,110
Dallas Mavericks,132,Portland Trail Blazers,112,,,,,,,,,DAL,132,PHX,112
Phoenix Suns,105,Utah Jazz,97,,,,,,,,,PHX,105,UTA,97
Los Angeles Lakers,87,Philadelphia 76ers,105,,,,,,,,,LAL,87,PHI,105
Minnesota Timberwolves,115,Golden State Warriors,124,,,,,,,,,MIN,115,GSW,124
Detroit Pistons,103,Orlando Magic,119,,,,,,,,,DET,103,ORL,119
Boston Celtics,92,Atlanta Hawks,108,,,,,,,,,BOS,92,ATL,108
Los Angeles Lakers,114,Charlotte Hornets,117,,,,,,,,,LAL,114,CHA,117
Portland Trail Blazers,125,Houston Rockets,110,,,,,,,,,PHX,125,HOU,110
Utah Jazz,109,Memphis Grizzlies,119,,,,,,,,,UTA,109,MEM,119
Los Angeles Clippers,114,Miami Heat,121,,,,,,,,,LAC,114,MIA,121
Denver Nuggets,116,New Orleans Pelicans,105,,,,,,,,,DEN,116,NOP,105
Indiana Pacers,113,Oklahoma City Thunder,110,,,,,,,,,IND,113,OKC,110
Chicago Bulls,122,San Antonio Spurs,131,,,,,,,,,CHI,122,SAS,131
Minnesota Timberwolves,124,Phoenix Suns,134,,,,,,,,,MIN,124,PHX,134
New York Knicks,108,Milwaukee Bucks,123,,,,,,,,,NYK,108,MIL,123
Indiana Pacers,105,Dallas Mavericks,132,,,,,,,,,IND,105,DAL,132
Boston Celtics,107,New Orleans Pelicans,97,,,,,,,,,BOS,107,NOP,97
Sacramento Kings,101,Philadelphia 76ers,103,,,,,,,,,SAC,101,PHI,103
Washington Wizards,95,Memphis Grizzlies,115,,,,,,,,,WAS,95,MEM,115
Toronto Raptors,124,Miami Heat,120,,,,,,,,,TOR,124,MIA,120
Brooklyn Nets,106,Golden State Warriors,110,,,,,,,,,BKN,106,GSW,110
Los Angeles Lakers,121,Atlanta Hawks,129,,,,,,,,,LAL,121,ATL,129
Los Angeles Clippers,115,Charlotte Hornets,90,,,,,,,,,LAC,115,CHA,90
Portland Trail Blazers,116,Chicago Bulls,130,,,,,,,,,PHX,116,CHI,130
Cleveland Cavaliers,105,Detroit Pistons,115,,,,,,,,,CLE,105,DET,115
Denver Nuggets,136,Milwaukee Bucks,100,,,,,,,,,DEN,136,MIL,100
Dallas Mavericks,108,Orlando Magic,110,,,,,,,,,DAL,108,ORL,110
Utah Jazz,106,Minnesota Timberwolves,126,,,,,,,,,UTA,106,MIN,126
San Antonio Spurs,110,Phoenix Suns,115,,,,,,,,,SAS,110,PHX,115
New Orleans Pelicans,90,Cleveland Cavaliers,93,,,,,,,,,NOP,90,CLE,93
Los Angeles Clippers,116,Indiana Pacers,122,,,,,,,,,LAC,116,IND,122
Memphis Grizzlies,119,Philadelphia 76ers,122,,,,,,,,,MEM,119,PHI,122
Toronto Raptors,106,Atlanta Hawks,100,,,,,,,,,TOR,106,ATL,100
Miami Heat,92,Boston Celtics,122,,,,,,,,,MIA,92,BOS,122
Sacramento Kings,96,New York Knicks,116,,,,,,,,,SAC,96,NYK,116
Golden State Warriors,122,Houston Rockets,108,,,,,,,,,GSW,122,HOU,108
Portland Trail Blazers,81,Oklahoma City Thunder,98,,,,,,,,,PHX,81,OKC,98
Visitor/Neutral,PTS,Home/Neutral,PTS,,,,,,,,,UTA,PTS,GSW,PTS
New Orleans Pelicans,111,Detroit Pistons,101,,,,,,,,,NOP,111,DET,101
Washington Wizards,98,Milwaukee Bucks,112,,,,,,,,,WAS,98,MIL,112
Miami Heat,106,Toronto Raptors,110,,,,,,,,,MIA,106,TOR,110
Orlando Magic,115,Chicago Bulls,126,,,,,,,,,ORL,115,CHI,126
Denver Nuggets,115,Minnesota Timberwolves,130,,,,,,,,,DEN,115,MIN,130
Golden State Warriors,124,San Antonio Spurs,120,,,,,,,,,GSW,124,SAS,120
Brooklyn Nets,111,Phoenix Suns,121,,,,,,,,,BKN,111,PHX,121
Orlando Magic,119,Indiana Pacers,118,,,,,,,,,ORL,119,IND,118
Washington Wizards,106,Philadelphia 76ers,103,,,,,,,,,WAS,106,PHI,103
Charlotte Hornets,107,Boston Celtics,113,,,,,,,,,CHA,107,BOS,113
Memphis Grizzlies,120,New York Knicks,108,,,,,,,,,MEM,120,NYK,108
Cleveland Cavaliers,104,Houston Rockets,115,,,,,,,,,CLE,104,HOU,115
Oklahoma City Thunder,120,Dallas Mavericks,114,,,,,,,,,OKC,120,DAL,114
Brooklyn Nets,101,Sacramento Kings,112,,,,,,,,,BKN,101,SAC,112
Denver Nuggets,104,Utah Jazz,108,,,,,,,,,DEN,104,UTA,108
Portland Trail Blazers,94,Los Angeles Lakers,99,,,,,,,,,PHX,94,LAL,99
Minnesota Timberwolves,128,Detroit Pistons,117,,,,,,,,,MIN,128,DET,117
Miami Heat,112,San Antonio Spurs,95,,,,,,,,,MIA,112,SAS,95
Phoenix Suns,115,Atlanta Hawks,124,,,,,,,,,PHX,115,ATL,124
Chicago Bulls,120,Toronto Raptors,127,,,,,,,,,CHI,120,TOR,127
Sacramento Kings,114,Golden State Warriors,126,,,,,,,,,SAC,114,GSW,126
Los Angeles Lakers,110,Los Angeles Clippers,111,,,,,,,,,LAL,110,LAC,111
Cleveland Cavaliers,102,Charlotte Hornets,101,,,,,,,,,CLE,102,CHA,101
Boston Celtics,102,Detroit Pistons,93,,,,,,,,,BOS,102,DET,93
Chicago Bulls,122,Indiana Pacers,115,,,,,,,,,CHI,122,IND,115
Atlanta Hawks,114,Toronto Raptors,125,,,,,,,,,ATL,114,TOR,125
Houston Rockets,106,San Antonio Spurs,131,,,,,,,,,HOU,106,SAS,131
New Orleans Pelicans,113,Denver Nuggets,105,,,,,,,,,NOP,113,DEN,105
Brooklyn Nets,102,Utah Jazz,125,,,,,,,,,BKN,102,UTA,125
Philadelphia 76ers,98,Dallas Mavericks,107,,,,,,,,,PHI,98,DAL,107
Oklahoma City Thunder,96,Portland Trail Blazers,93,,,,,,,,,OKC,96,PHX,93
Memphis Grizzlies,135,Orlando Magic,115,,,,,,,,,MEM,135,ORL,115
Miami Heat,104,Charlotte Hornets,86,,,,,,,,,MIA,104,CHA,86
Phoenix Suns,95,Washington Wizards,80,,,,,,,,,PHX,95,WAS,80
New York Knicks,115,Los Angeles Lakers,122,,,,,,,,,NYK,115,LAL,122
Milwaukee Bucks,137,Portland Trail Blazers,108,,,,,,,,,MIL,137,PHX,108
Oklahoma City Thunder,103,Sacramento Kings,113,,,,,,,,,OKC,103,SAC,113
Philadelphia 76ers,119,Chicago Bulls,108,,,,,,,,,PHI,119,CHI,108
Brooklyn Nets,104,Denver Nuggets,124,,,,,,,,,BKN,104,DEN,124
Detroit Pistons,105,Minnesota Timberwolves,118,,,,,,,,,DET,105,MIN,118
Indiana Pacers,85,Cleveland Cavaliers,98,,,,,,,,,IND,85,CLE,98
Atlanta Hawks,94,Dallas Mavericks,103,,,,,,,,,ATL,94,DAL,103
Boston Celtics,116,Orlando Magic,83,,,,,,,,,BOS,116,ORL,83
New Orleans Pelicans,120,Houston Rockets,107,,,,,,,,,NOP,120,HOU,107
Milwaukee Bucks,137,Los Angeles Clippers,113,,,,,,,,,MIL,137,LAC,113
Toronto Raptors,116,Charlotte Hornets,101,,,,,,,,,TOR,116,CHA,101
Miami Heat,121,Washington Wizards,100,,,,,,,,,MIA,121,WAS,100
Phoenix Suns,127,Chicago Bulls,124,,,,,,,,,PHX,127,CHI,124
Golden State Warriors,110,Oklahoma City Thunder,98,,,,,,,,,GSW,110,OKC,98
New York Knicks,104,Utah Jazz,113,,,,,,,,,NYK,104,UTA,113
Phoenix Suns,114,Philadelphia 76ers,109,,,,,,,,,PHX,114,PHI,109
Indiana Pacers,112,Atlanta Hawks,133,,,,,,,,,IND,112,ATL,133
Boston Celtics,126,Brooklyn Nets,91,,,,,,,,,BOS,126,BKN,91
Los Angeles Clippers,109,Memphis Grizzlies,135,,,,,,,,,LAC,109,MEM,135
Houston Rockets,97,New Orleans Pelicans,110,,,,,,,,,HOU,97,NOP,110
Detroit Pistons,86,Dallas Mavericks,116,,,,,,,,,DET,86,DAL,116
New York Knicks,115,Denver Nuggets,132,,,,,,,,,NYK,115,DEN,132
Milwaukee Bucks,131,Los Angeles Lakers,116,,,,,,,,,MIL,131,LAL,116
Orlando Magic,113,Portland Trail Blazers,95,,,,,,,,,ORL,113,PHX,95
Minnesota Timberwolves,134,Sacramento Kings,114,,,,,,,,,MIN,134,SAC,114
San Antonio Spurs,92,Cleveland Cavaliers,105,,,,,,,,,SAS,92,CLE,105
Chicago Bulls,121,Charlotte Hornets,109,,,,,,,,,CHI,121,CHA,109
Toronto Raptors,117,Oklahoma City Thunder,98,,,,,,,,,TOR,117,OKC,98
Los Angeles Lakers,105,Portland Trail Blazers,107,,,,,,,,,LAL,105,PHX,107
Minnesota Timberwolves,119,Sacramento Kings,132,,,,,,,,,MIN,119,SAC,132
Golden State Warriors,85,Utah Jazz,111,,,,,,,,,GSW,85,UTA,111
Memphis Grizzlies,132,Detroit Pistons,107,,,,,,,,,MEM,132,DET,107
Miami Heat,112,New Orleans Pelicans,97,,,,,,,,,MIA,112,NOP,97
Brooklyn Nets,112,Washington Wizards,113,,,,,,,,,BKN,112,WAS,113
Toronto Raptors,139,Houston Rockets,120,,,,,,,,,TOR,139,HOU,120
Los Angeles Clippers,105,Dallas Mavericks,112,,,,,,,,,LAC,105,DAL,112
New York Knicks,116,Golden State Warriors,114,,,,,,,,,NYK,116,GSW,114
Milwaukee Bucks,107,Phoenix Suns,131,,,,,,,,,MIL,107,PHX,131
Charlotte Hornets,141,Detroit Pistons,119,,,,,,,,,CHA,141,DET,119
Cleveland Cavaliers,120,Indiana Pacers,113,,,,,,,,,CLE,120,IND,113
Oklahoma City Thunder,87,Philadelphia 76ers,100,,,,,,,,,OKC,87,PHI,100
San Antonio Spurs,136,Atlanta Hawks,121,,,,,,,,,SAS,136,ATL,121
Denver Nuggets,102,Boston Celtics,108,,,,,,,,,DEN,102,BOS,108
Minnesota Timberwolves,122,Chicago Bulls,134,,,,,,,,,MIN,122,CHI,134
Orlando Magic,99,Utah Jazz,114,,,,,,,,,ORL,99,UTA,114
New York Knicks,103,Portland Trail Blazers,112,,,,,,,,,NYK,103,PHX,112
Memphis Grizzlies,125,Charlotte Hornets,118,,,,,,,,,MEM,125,CHA,118
San Antonio Spurs,124,New Orleans Pelicans,114,,,,,,,,,SAS,124,NOP,114
Sacramento Kings,123,Washington Wizards,110,,,,,,,,,SAC,123,WAS,110
Cleveland Cavaliers,93,Philadelphia 76ers,103,,,,,,,,,CLE,93,PHI,103
Denver Nuggets,110,Toronto Raptors,109,,,,,,,,,DEN,110,TOR,109
Oklahoma City Thunder,101,Chicago Bulls,106,,,,,,,,,OKC,101,CHI,106
Brooklyn Nets,111,Miami Heat,115,,,,,,,,,BKN,111,MIA,115
Los Angeles Clippers,99,Dallas Mavericks,97,,,,,,,,,LAC,99,DAL,97
Los Angeles Lakers,115,Golden State Warriors,117,,,,,,,,,LAL,115,GSW,117
Orlando Magic,105,Phoenix Suns,132,,,,,,,,,ORL,105,PHX,132
Atlanta Hawks,95,Boston Celtics,105,,,,,,,,,ATL,95,BOS,105
Minnesota Timberwolves,129,Indiana Pacers,120,,,,,,,,,MIN,129,IND,120
Detroit Pistons,94,Washington Wizards,103,,,,,,,,,DET,94,WAS,103
Sacramento Kings,85,Brooklyn Nets,109,,,,,,,,,SAC,85,BKN,109
Oklahoma City Thunder,127,New York Knicks,123,,,,,,,,,OKC,127,NYK,123
San Antonio Spurs,109,Chicago Bulls,120,,,,,,,,,SAS,109,CHI,120
Portland Trail Blazers,122,Milwaukee Bucks,107,,,,,,,,,PHX,122,MIL,107
Toronto Raptors,90,New Orleans Pelicans,120,,,,,,,,,TOR,90,NOP,120
Orlando Magic,111,Denver Nuggets,121,,,,,,,,,ORL,111,DEN,121
Houston Rockets,101,Utah Jazz,135,,,,,,,,,HOU,101,UTA,135
Golden State Warriors,104,Los Angeles Clippers,119,,,,,,,,,GSW,104,LAC,119
Cleveland Cavaliers,116,Atlanta Hawks,124,,,,,,,,,CLE,116,ATL,124
Dallas Mavericks,107,Miami Heat,99,,,,,,,,,DAL,107,MIA,99
Boston Celtics,135,Philadelphia 76ers,87,,,,,,,,,BOS,135,PHI,87
Indiana Pacers,119,Milwaukee Bucks,128,,,,,,,,,IND,119,MIL,128
Charlotte Hornets,120,Minnesota Timberwolves,126,,,,,,,,,CHA,120,MIN,126
Memphis Grizzlies,121,New Orleans Pelicans,109,,,,,,,,,MEM,121,NOP,109
Los Angeles Clippers,96,Phoenix Suns,103,,,,,,,,,LAC,96,PHX,103
Atlanta Hawks,130,Orlando Magic,109,,,,,,,,,ATL,130,ORL,109
Detroit Pistons,112,Boston Celtics,111,,,,,,,,,DET,112,BOS,111
Washington Wizards,108,Indiana Pacers,113,,,,,,,,,WAS,108,IND,113
Brooklyn Nets,111,New York Knicks,106,,,,,,,,,BKN,111,NYK,106
Sacramento Kings,118,Chicago Bulls,125,,,,,,,,,SAC,118,CHI,125
Portland Trail Blazers,123,Memphis Grizzlies,119,,,,,,,,,PHX,123,MEM,119
Toronto Raptors,103,Minnesota Timberwolves,91,,,,,,,,,TOR,103,MIN,91
San Antonio Spurs,114,Oklahoma City Thunder,106,,,,,,,,,SAS,114,OKC,106
Houston Rockets,121,Phoenix Suns,124,,,,,,,,,HOU,121,PHX,124
Denver Nuggets,117,Golden State Warriors,116,,,,,,,,,DEN,117,GSW,116
Utah Jazz,101,Los Angeles Lakers,106,,,,,,,,,UTA,101,LAL,106
Miami Heat,111,Charlotte Hornets,107,,,,,,,,,MIA,111,CHA,107
Washington Wizards,117,Brooklyn Nets,103,,,,,,,,,WAS,117,BKN,103
Dallas Mavericks,125,New Orleans Pelicans,118,,,,,,,,,DAL,125,NOP,118
Philadelphia 76ers,123,Milwaukee Bucks,120,,,,,,,,,PHI,123,MIL,120
Houston Rockets,111,Los Angeles Clippers,142,,,,,,,,,HOU,111,LAC,142
Cleveland Cavaliers,103,Detroit Pistons,106,,,,,,,,,CLE,103,DET,106
Boston Celtics,129,Brooklyn Nets,106,,,,,,,,,BOS,129,BKN,106
Atlanta Hawks,108,Chicago Bulls,112,,,,,,,,,ATL,108,CHI,112
Memphis Grizzlies,114,Minnesota Timberwolves,119,,,,,,,,,MEM,114,MIN,119
Phoenix Suns,124,Oklahoma City Thunder,104,,,,,,,,,PHX,124,OKC,104
Golden State Warriors,132,Portland Trail Blazers,95,,,,,,,,,GSW,132,PHX,95
Denver Nuggets,128,Sacramento Kings,110,,,,,,,,,DEN,128,SAC,110
Toronto Raptors,93,Charlotte Hornets,125,,,,,,,,,TOR,93,CHA,125
Oklahoma City Thunder,129,Indiana Pacers,125,,,,,,,,,OKC,129,IND,125
Houston Rockets,111,Orlando Magic,119,,,,,,,,,HOU,111,ORL,119
San Antonio Spurs,157,Washington Wizards,153,,,,,,,,,SAS,157,WAS,153
Miami Heat,115,New York Knicks,100,,,,,,,,,MIA,115,NYK,100
Philadelphia 76ers,133,Minnesota Timberwolves,102,,,,,,,,,PHI,133,MIN,102
New Orleans Pelicans,117,Phoenix Suns,102,,,,,,,,,NOP,117,PHX,102
Dallas Mavericks,109,Utah Jazz,114,,,,,,,,,DAL,109,UTA,114
Los Angeles Clippers,105,Los Angeles Lakers,102,,,,,,,,,LAC,105,LAL,102
Boston Celtics,113,Detroit Pistons,104,,,,,,,,,BOS,113,DET,104
Toronto Raptors,100,Atlanta Hawks,127,,,,,,,,,TOR,100,ATL,127
Memphis Grizzlies,116,Chicago Bulls,110,,,,,,,,,MEM,116,CHI,110
Washington Wizards,86,Cleveland Cavaliers,92,,,,,,,,,WAS,86,CLE,92
San Antonio Spurs,129,Miami Heat,133,,,,,,,,,SAS,129,MIA,133
Brooklyn Nets,126,Milwaukee Bucks,123,,,,,,,,,BKN,126,MIL,123
Sacramento Kings,110,Denver Nuggets,115,,,,,,,,,SAC,110,DEN,115
Philadelphia 76ers,125,New York Knicks,109,,,,,,,,,PHI,125,NYK,109
Utah Jazz,118,Phoenix Suns,114,,,,,,,,,UTA,118,PHX,114
Boston Celtics,107,Indiana Pacers,128,,,,,,,,,BOS,107,IND,128
Detroit Pistons,127,Charlotte Hornets,126,,,,,,,,,DET,127,CHA,126
Los Angeles Clippers,99,Houston Rockets,98,,,,,,,,,LAC,99,HOU,98
Dallas Mavericks,107,Golden State Warriors,101,,,,,,,,,DAL,107,GSW,101
Denver Nuggets,124,Portland Trail Blazers,92,,,,,,,,,DEN,124,PHX,92
New Orleans Pelicans,123,Los Angeles Lakers,95,,,,,,,,,NOP,123,LAL,95
Minnesota Timberwolves,127,Cleveland Cavaliers,122,,,,,,,,,MIN,127,CLE,122
Indiana Pacers,103,Orlando Magic,119,,,,,,,,,IND,103,ORL,119
Toronto Raptors,133,Brooklyn Nets,97,,,,,,,,,TOR,133,BKN,97
Chicago Bulls,99,Miami Heat,112,,,,,,,,,CHI,99,MIA,112
San Antonio Spurs,105,Memphis Grizzlies,118,,,,,,,,,SAS,105,MEM,118
Charlotte Hornets,106,Milwaukee Bucks,130,,,,,,,,,CHA,106,MIL,130
Sacramento Kings,131,Oklahoma City Thunder,110,,,,,,,,,SAC,131,OKC,110
Detroit Pistons,113,Washington Wizards,116,,,,,,,,,DET,113,WAS,116
Atlanta Hawks,98,Boston Celtics,107,,,,,,,,,ATL,98,BOS,107
Brooklyn Nets,108,Toronto Raptors,109,,,,,,,,,BKN,108,TOR,109
Los Angeles Clippers,113,Houston Rockets,100,,,,,,,,,LAC,113,HOU,100
Golden State Warriors,114,Minnesota Timberwolves,129,,,,,,,,,GSW,114,MIN,129
Dallas Mavericks,109,Los Angeles Lakers,104,,,,,,,,,DAL,109,LAL,104
Charlotte Hornets,119,Cleveland Cavaliers,98,,,,,,,,,CHA,119,CLE,98
Indiana Pacers,122,Orlando Magic,114,,,,,,,,,IND,122,ORL,114
New York Knicks,108,Philadelphia 76ers,123,,,,,,,,,NYK,108,PHI,123
Utah Jazz,132,Houston Rockets,127,,,,,,,,,UTA,132,HOU,127
Miami Heat,119,Milwaukee Bucks,120,,,,,,,,,MIA,119,MIL,120
Sacramento Kings,95,New Orleans Pelicans,125,,,,,,,,,SAC,95,NOP,125
Oklahoma City Thunder,119,Denver Nuggets,107,,,,,,,,,OKC,119,DEN,107
Portland Trail Blazers,90,Phoenix Suns,120,,,,,,,,,PHX,90,PHX,120
Chicago Bulls,124,Atlanta Hawks,130,,,,,,,,,CHI,124,ATL,130
Memphis Grizzlies,107,Boston Celtics,120,,,,,,,,,MEM,107,BOS,120
Miami Heat,113,Brooklyn Nets,107,,,,,,,,,MIA,113,BKN,107
Detroit Pistons,108,Toronto Raptors,106,,,,,,,,,DET,108,TOR,106
Golden State Warriors,113,Dallas Mavericks,122,,,,,,,,,GSW,113,DAL,122
Sacramento Kings,115,San Antonio Spurs,112,,,,,,,,,SAC,115,SAS,112
Los Angeles Lakers,111,Los Angeles Clippers,132,,,,,,,,,LAL,111,LAC,132
Indiana Pacers,106,Detroit Pistons,111,,,,,,,,,IND,106,DET,111
Cleveland Cavaliers,119,Philadelphia 76ers,125,,,,,,,,,CLE,119,PHI,125
Atlanta Hawks,117,Washington Wizards,114,,,,,,,,,ATL,117,WAS,114
Milwaukee Bucks,118,Chicago Bulls,112,,,,,,,,,MIL,118,CHI,112
Orlando Magic,103,Toronto Raptors,97,,,,,,,,,ORL,103,TOR,97
Utah Jazz,90,New Orleans Pelicans,124,,,,,,,,,UTA,90,NOP,124
Minnesota Timberwolves,138,Oklahoma City Thunder,101,,,,,,,,,MIN,138,OKC,101
Houston Rockets,101,Denver Nuggets,116,,,,,,,,,HOU,101,DEN,116
New York Knicks,114,Phoenix Suns,115,,,,,,,,,NYK,114,PHX,115
Sacramento Kings,113,Dallas Mavericks,114,,,,,,,,,SAC,113,DAL,114
San Antonio Spurs,117,Charlotte Hornets,123,,,,,,,,,SAS,117,CHA,123
Orlando Magic,96,Memphis Grizzlies,124,,,,,,,,,ORL,96,MEM,124
Philadelphia 76ers,82,Miami Heat,99,,,,,,,,,PHI,82,MIA,99
Portland Trail Blazers,121,Minnesota Timberwolves,135,,,,,,,,,PHX,121,MIN,135
Golden State Warriors,116,Los Angeles Lakers,124,,,,,,,,,GSW,116,LAL,124
Brooklyn Nets,120,Boston Celtics,126,,,,,,,,,BKN,120,BOS,126
Phoenix Suns,122,Milwaukee Bucks,132,,,,,,,,,PHX,122,MIL,132
Indiana Pacers,123,Washington Wizards,133,,,,,,,,,IND,123,WAS,133
Memphis Grizzlies,112,Houston Rockets,123,,,,,,,,,MEM,112,HOU,123
Utah Jazz,116,Oklahoma City Thunder,103,,,,,,,,,UTA,116,OKC,103
Toronto Raptors,96,Cleveland Cavaliers,104,,,,,,,,,TOR,96,CLE,104
New Orleans Pelicans,130,Denver Nuggets,138,,,,,,,,,NOP,130,DEN,138
New York Knicks,116,Los Angeles Clippers,93,,,,,,,,,NYK,116,LAC,93
Atlanta Hawks,110,Detroit Pistons,113,,,,,,,,,ATL,110,DET,113
Chicago Bulls,106,Philadelphia 76ers,121,,,,,,,,,CHI,106,PHI,121
Houston Rockets,106,Miami Heat,123,,,,,,,,,HOU,106,MIA,123
Portland Trail Blazers,81,Minnesota Timberwolves,124,,,,,,,,,PHX,81,MIN,124
Utah Jazz,103,Dallas Mavericks,111,,,,,,,,,UTA,103,DAL,111
Los Angeles Lakers,110,San Antonio Spurs,117,,,,,,,,,LAL,110,SAS,117
Golden State Warriors,124,Denver Nuggets,131,,,,,,,,,GSW,124,DEN,131
New York Knicks,131,Sacramento Kings,115,,,,,,,,,NYK,131,SAC,115
Brooklyn Nets,132,Charlotte Hornets,121,,,,,,,,,BKN,132,CHA,121
Cleveland Cavaliers,127,Indiana Pacers,124,,,,,,,,,CLE,127,IND,124
Phoenix Suns,102,Orlando Magic,99,,,,,,,,,PHX,102,ORL,99
New Orleans Pelicans,111,Memphis Grizzlies,132,,,,,,,,,NOP,111,MEM,132
Milwaukee Bucks,142,Oklahoma City Thunder,115,,,,,,,,,MIL,142,OKC,115
Los Angeles Clippers,97,Golden State Warriors,112,,,,,,,,,LAC,97,GSW,112
Boston Celtics,115,Charlotte Hornets,101,,,,,,,,,BOS,115,CHA,101
Chicago Bulls,114,Detroit Pistons,108,,,,,,,,,CHI,114,DET,108
Phoenix Suns,111,Miami Heat,90,,,,,,,,,PHX,111,MIA,90
Los Angeles Lakers,130,Houston Rockets,139,,,,,,,,,LAL,130,HOU,139
Atlanta Hawks,115,Milwaukee Bucks,124,,,,,,,,,ATL,115,MIL,124
Oklahoma City Thunder,102,Minnesota Timberwolves,132,,,,,,,,,OKC,102,MIN,132
Orlando Magic,108,New Orleans Pelicans,102,,,,,,,,,ORL,108,NOP,102
New York Knicks,107,Dallas Mavericks,77,,,,,,,,,NYK,107,DAL,77
Toronto Raptors,119,San Antonio Spurs,104,,,,,,,,,TOR,119,SAS,104
Denver Nuggets,106,Sacramento Kings,100,,,,,,,,,DEN,106,SAC,100
Portland Trail Blazers,85,Utah Jazz,123,,,,,,,,,PHX,85,UTA,123
Washington Wizards,109,Los Angeles Clippers,115,,,,,,,,,WAS,109,LAC,115
Brooklyn Nets,129,Philadelphia 76ers,100,,,,,,,,,BKN,129,PHI,100
Golden State Warriors,113,Denver Nuggets,102,,,,,,,,,GSW,113,DEN,102
Minnesota Timberwolves,110,Orlando Magic,118,,,,,,,,,MIN,110,ORL,118
Los Angeles Clippers,106,Atlanta Hawks,112,,,,,,,,,LAC,106,ATL,112
Detroit Pistons,103,Boston Celtics,114,,,,,,,,,DET,103,BOS,114
Dallas Mavericks,113,Houston Rockets,100,,,,,,,,,DAL,113,HOU,100
New York Knicks,114,Memphis Grizzlies,118,,,,,,,,,NYK,114,MEM,118
Cleveland Cavaliers,105,Miami Heat,117,,,,,,,,,CLE,105,MIA,117
Charlotte Hornets,142,New Orleans Pelicans,120,,,,,,,,,CHA,142,NOP,120
Utah Jazz,102,San Antonio Spurs,104,,,,,,,,,UTA,102,SAS,104
Toronto Raptors,117,Phoenix Suns,112,,,,,,,,,TOR,117,PHX,112
Washington Wizards,109,Los Angeles Lakers,122,,,,,,,,,WAS,109,LAL,122
Cleveland Cavaliers,91,Chicago Bulls,101,,,,,,,,,CLE,91,CHI,101
Minnesota Timberwolves,113,Miami Heat,104,,,,,,,,,MIN,113,MIA,104
Indiana Pacers,119,San Antonio Spurs,108,,,,,,,,,IND,119,SAS,108
Milwaukee Bucks,109,Golden State Warriors,122,,,,,,,,,MIL,109,GSW,122
Toronto Raptors,127,Denver Nuggets,115,,,,,,,,,TOR,127,DEN,115
Sacramento Kings,125,Utah Jazz,134,,,,,,,,,SAC,125,UTA,134
Washington Wizards,118,Portland Trail Blazers,127,,,,,,,,,WAS,118,PHX,127
New York Knicks,107,Brooklyn Nets,110,,,,,,,,,NYK,107,BKN,110
Los Angeles Clippers,106,Detroit Pistons,102,,,,,,,,,LAC,106,DET,102
Dallas Mavericks,95,Boston Celtics,92,,,,,,,,,DAL,95,BOS,92
Philadelphia 76ers,116,Orlando Magic,114,,,,,,,,,PHI,116,ORL,114
Indiana Pacers,128,Atlanta Hawks,131,,,,,,,,,IND,128,ATL,131
Houston Rockets,105,New Orleans Pelicans,130,,,,,,,,,HOU,105,NOP,130
Memphis Grizzlies,125,Oklahoma City Thunder,118,,,,,,,,,MEM,125,OKC,118
Los Angeles Lakers,111,Phoenix Suns,140,,,,,,,,,LAL,111,PHX,140
Los Angeles Clippers,111,Cleveland Cavaliers,120,,,,,,,,,LAC,111,CLE,120
Portland Trail Blazers,113,Atlanta Hawks,122,,,,,,,,,PHX,113,ATL,122
Denver Nuggets,114,Philadelphia 76ers,110,,,,,,,,,DEN,114,PHI,110
Charlotte Hornets,134,Oklahoma City Thunder,116,,,,,,,,,CHA,134,OKC,116
Minnesota Timberwolves,149,San Antonio Spurs,139,,,,,,,,,MIN,149,SAS,139
Washington Wizards,112,Golden State Warriors,126,,,,,,,,,WAS,112,GSW,126
Chicago Bulls,103,Sacramento Kings,112,,,,,,,,,CHI,103,SAC,112
Milwaukee Bucks,117,Utah Jazz,111,,,,,,,,,MIL,117,UTA,111
Toronto Raptors,114,Los Angeles Lakers,103,,,,,,,,,TOR,114,LAL,103
Memphis Grizzlies,135,Indiana Pacers,102,,,,,,,,,MEM,135,IND,102
Brooklyn Nets,150,Orlando Magic,108,,,,,,,,,BKN,150,ORL,108
Detroit Pistons,98,Miami Heat,105,,,,,,,,,DET,98,MIA,105
Phoenix Suns,131,New Orleans Pelicans,115,,,,,,,,,PHX,131,NOP,115
Atlanta Hawks,106,Charlotte Hornets,116,,,,,,,,,ATL,106,CHA,116
Philadelphia 76ers,118,Cleveland Cavaliers,114,,,,,,,,,PHI,118,CLE,114
Denver Nuggets,127,Washington Wizards,109,,,,,,,,,DEN,127,WAS,109
Dallas Mavericks,113,Brooklyn Nets,111,,,,,,,,,DAL,113,BKN,111
Portland Trail Blazers,98,New York Knicks,128,,,,,,,,,PHX,98,NYK,128
Phoenix Suns,129,Houston Rockets,112,,,,,,,,,PHX,129,HOU,112
Los Angeles Lakers,104,Minnesota Timberwolves,124,,,,,,,,,LAL,104,MIN,124
Oklahoma City Thunder,120,San Antonio Spurs,122,,,,,,,,,OKC,120,SAS,122
Chicago Bulls,110,Utah Jazz,125,,,,,,,,,CHI,110,UTA,125
Boston Celtics,110,Golden State Warriors,88,,,,,,,,,BOS,110,GSW,88
Milwaukee Bucks,135,Sacramento Kings,126,,,,,,,,,MIL,135,SAC,126
Toronto Raptors,103,Los Angeles Clippers,100,,,,,,,,,TOR,103,LAC,100
Detroit Pistons,134,Orlando Magic,120,,,,,,,,,DET,134,ORL,120
Dallas Mavericks,101,Philadelphia 76ers,111,,,,,,,,,DAL,101,PHI,111
Memphis Grizzlies,105,Atlanta Hawks,120,,,,,,,,,MEM,105,ATL,120
Portland Trail Blazers,123,Brooklyn Nets,128,,,,,,,,,PHX,123,BKN,128
Denver Nuggets,116,Cleveland Cavaliers,119,,,,,,,,,DEN,116,CLE,119
Washington Wizards,97,New York Knicks,100,,,,,,,,,WAS,97,NYK,100
Los Angeles Lakers,128,Toronto Raptors,123,,,,,,,,,LAL,128,TOR,123
Indiana Pacers,121,Houston Rockets,118,,,,,,,,,IND,121,HOU,118
Oklahoma City Thunder,108,Miami Heat,120,,,,,,,,,OKC,108,MIA,120
New Orleans Pelicans,124,San Antonio Spurs,91,,,,,,,,,NOP,124,SAS,91
Los Angeles Clippers,92,Utah Jazz,121,,,,,,,,,LAC,92,UTA,121
Chicago Bulls,102,Phoenix Suns,129,,,,,,,,,CHI,102,PHX,129
Boston Celtics,126,Sacramento Kings,97,,,,,,,,,BOS,126,SAC,97
Milwaukee Bucks,119,Minnesota Timberwolves,138,,,,,,,,,MIL,119,MIN,138
Dallas Mavericks,108,Charlotte Hornets,129,,,,,,,,,DAL,108,CHA,129
Detroit Pistons,109,Cleveland Cavaliers,113,,,,,,,,,DET,109,CLE,113
Los Angeles Lakers,119,Washington Wizards,127,,,,,,,,,LAL,119,WAS,127
Memphis Grizzlies,122,Houston Rockets,98,,,,,,,,,MEM,122,HOU,98
Portland Trail Blazers,98,Indiana Pacers,129,,,,,,,,,PHX,98,IND,129
New Orleans Pelicans,117,Atlanta Hawks,112,,,,,,,,,NOP,117,ATL,112
Oklahoma City Thunder,85,Orlando Magic,90,,,,,,,,,OKC,85,ORL,90
Phoenix Suns,127,Sacramento Kings,124,,,,,,,,,PHX,127,SAC,124
Utah Jazz,108,New York Knicks,93,,,,,,,,,UTA,108,NYK,93
Boston Celtics,124,Denver Nuggets,104,,,,,,,,,BOS,124,DEN,104
San Antonio Spurs,110,Golden State Warriors,108,,,,,,,,,SAS,110,GSW,108
Toronto Raptors,93,Philadelphia 76ers,88,,,,,,,,,TOR,93,PHI,88
New Orleans Pelicans,103,Charlotte Hornets,106,,,,,,,,,NOP,103,CHA,106
Los Angeles Lakers,131,Cleveland Cavaliers,120,,,,,,,,,LAL,131,CLE,120
Portland Trail Blazers,119,Detroit Pistons,115,,,,,,,,,PHX,119,DET,115
Utah Jazz,106,Brooklyn Nets,114,,,,,,,,,UTA,106,BKN,114
Miami Heat,106,Philadelphia 76ers,113,,,,,,,,,MIA,106,PHI,113
Toronto Raptors,99,Chicago Bulls,113,,,,,,,,,TOR,99,CHI,113
Washington Wizards,97,Houston Rockets,115,,,,,,,,,WAS,97,HOU,115
Boston Celtics,132,Oklahoma City Thunder,123,,,,,,,,,BOS,132,OKC,123
Minnesota Timberwolves,108,Dallas Mavericks,110,,,,,,,,,MIN,108,DAL,110
Golden State Warriors,90,Orlando Magic,94,,,,,,,,,GSW,90,ORL,94
Atlanta Hawks,117,New York Knicks,111,,,,,,,,,ATL,117,NYK,111
Chicago Bulls,98,Milwaukee Bucks,126,,,,,,,,,CHI,98,MIL,126
Los Angeles Clippers,115,Denver Nuggets,127,,,,,,,,,LAC,115,DEN,127
New York Knicks,121,Charlotte Hornets,106,,,,,,,,,NYK,121,CHA,106
Atlanta Hawks,101,Detroit Pistons,122,,,,,,,,,ATL,101,DET,122
Sacramento Kings,110,Indiana Pacers,109,,,,,,,,,SAC,110,IND,109
Utah Jazz,97,Boston Celtics,125,,,,,,,,,UTA,97,BOS,125
Brooklyn Nets,120,Memphis Grizzlies,132,,,,,,,,,BKN,120,MEM,132
Golden State Warriors,118,Miami Heat,104,,,,,,,,,GSW,118,MIA,104
Phoenix Suns,125,Minnesota Timberwolves,116,,,,,,,,,PHX,125,MIN,116
Orlando Magic,102,Oklahoma City Thunder,118,,,,,,,,,ORL,102,OKC,118
Houston Rockets,91,Dallas Mavericks,110,,,,,,,,,HOU,91,DAL,110
Philadelphia 76ers,126,Los Angeles Lakers,121,,,,,,,,,PHI,126,LAL,121
San Antonio Spurs,133,Portland Trail Blazers,96,,,,,,,,,SAS,133,PHX,96
Cleveland Cavaliers,104,Toronto Raptors,117,,,,,,,,,CLE,104,TOR,117
Indiana Pacers,103,Memphis Grizzlies,133,,,,,,,,,IND,103,MEM,133
Washington Wizards,102,Milwaukee Bucks,114,,,,,,,,,WAS,102,MIL,114
Chicago Bulls,109,New Orleans Pelicans,126,,,,,,,,,CHI,109,NOP,126
Phoenix Suns,140,Denver Nuggets,130,,,,,,,,,PHX,140,DEN,130
Utah Jazz,101,Charlotte Hornets,107,,,,,,,,,UTA,101,CHA,107
Washington Wizards,100,Detroit Pistons,97,,,,,,,,,WAS,100,DET,97
Golden State Warriors,110,Atlanta Hawks,121,,,,,,,,,GSW,110,ATL,121
New York Knicks,111,Miami Heat,103,,,,,,,,,NYK,111,MIA,103
Dallas Mavericks,95,Minnesota Timberwolves,116,,,,,,,,,DAL,95,MIN,116
Houston Rockets,125,Portland Trail Blazers,106,,,,,,,,,HOU,125,PHX,106
Philadelphia 76ers,122,Los Angeles Clippers,97,,,,,,,,,PHI,122,LAC,97
San Antonio Spurs,107,New Orleans Pelicans,103,,,,,,,,,SAS,107,NOP,103
Sacramento Kings,114,Orlando Magic,110,,,,,,,,,SAC,114,ORL,110
Indiana Pacers,91,Toronto Raptors,131,,,,,,,,,IND,91,TOR,131
Chicago Bulls,98,Cleveland Cavaliers,94,,,,,,,,,CHI,98,CLE,94
Milwaukee Bucks,102,Memphis Grizzlies,127,,,,,,,,,MIL,102,MEM,127
Brooklyn Nets,110,Miami Heat,95,,,,,,,,,BKN,110,MIA,95
Oklahoma City Thunder,107,Denver Nuggets,113,,,,,,,,,OKC,107,DEN,113
Houston Rockets,115,Portland Trail Blazers,98,,,,,,,,,HOU,115,PHX,98
New York Knicks,104,Detroit Pistons,102,,,,,,,,,NYK,104,DET,102
Minnesota Timberwolves,112,Boston Celtics,134,,,,,,,,,MIN,112,BOS,134
Philadelphia 76ers,104,Phoenix Suns,114,,,,,,,,,PHI,104,PHX,114
Golden State Warriors,115,Washington Wizards,123,,,,,,,,,GSW,115,WAS,123
Los Angeles Lakers,108,New Orleans Pelicans,116,,,,,,,,,LAL,108,NOP,116
Charlotte Hornets,119,Brooklyn Nets,110,,,,,,,,,CHA,119,BKN,110
Utah Jazz,100,Dallas Mavericks,114,,,,,,,,,UTA,100,DAL,114
Denver Nuggets,113,Charlotte Hornets,109,,,,,,,,,DEN,113,CHA,109
Orlando Magic,101,Cleveland Cavaliers,107,,,,,,,,,ORL,101,CLE,107
Atlanta Hawks,132,Indiana Pacers,123,,,,,,,,,ATL,132,IND,123
Sacramento Kings,100,Miami Heat,123,,,,,,,,,SAC,100,MIA,123
Chicago Bulls,104,New York Knicks,109,,,,,,,,,CHI,104,NYK,109
Boston Celtics,112,Toronto Raptors,115,,,,,,,,,BOS,112,TOR,115
San Antonio Spurs,123,Houston Rockets,120,,,,,,,,,SAS,123,HOU,120
Golden State Warriors,95,Memphis Grizzlies,123,,,,,,,,,GSW,95,MEM,123
Oklahoma City Thunder,134,Portland Trail Blazers,131,,,,,,,,,OKC,134,PHX,131
Milwaukee Bucks,118,Philadelphia 76ers,116,,,,,,,,,MIL,118,PHI,116
Chicago Bulls,107,Washington Wizards,94,,,,,,,,,CHI,107,WAS,94
Detroit Pistons,123,Brooklyn Nets,130,,,,,,,,,DET,123,BKN,130
Los Angeles Lakers,110,Dallas Mavericks,128,,,,,,,,,LAL,110,DAL,128
Utah Jazz,115,Los Angeles Clippers,121,,,,,,,,,UTA,115,LAC,121
Dallas Mavericks,120,Cleveland Cavaliers,112,,,,,,,,,DAL,120,CLE,112
Denver Nuggets,125,Indiana Pacers,118,,,,,,,,,DEN,125,IND,118
Orlando Magic,110,Washington Wizards,127,,,,,,,,,ORL,110,WAS,127
Miami Heat,106,Boston Celtics,98,,,,,,,,,MIA,106,BOS,98
Charlotte Hornets,125,New York Knicks,114,,,,,,,,,CHA,125,NYK,114
Minnesota Timberwolves,102,Toronto Raptors,125,,,,,,,,,MIN,102,TOR,125
Sacramento Kings,121,Houston Rockets,118,,,,,,,,,SAC,121,HOU,118
Atlanta Hawks,136,Oklahoma City Thunder,118,,,,,,,,,ATL,136,OKC,118
Memphis Grizzlies,112,San Antonio Spurs,111,,,,,,,,,MEM,112,SAS,111
Phoenix Suns,107,Golden State Warriors,103,,,,,,,,,PHX,107,GSW,103
New Orleans Pelicans,117,Portland Trail Blazers,107,,,,,,,,,NOP,117,PHX,107
Philadelphia 76ers,94,Detroit Pistons,102,,,,,,,,,PHI,94,DET,102
Cleveland Cavaliers,107,Atlanta Hawks,131,,,,,,,,,CLE,107,ATL,131
Milwaukee Bucks,120,Brooklyn Nets,119,,,,,,,,,MIL,120,BKN,119
Los Angeles Clippers,130,Chicago Bulls,135,,,,,,,,,LAC,130,CHI,135
Los Angeles Lakers,109,Utah Jazz,122,,,,,,,,,LAL,109,UTA,122
Toronto Raptors,102,Orlando Magic,89,,,,,,,,,TOR,102,ORL,89
Dallas Mavericks,103,Washington Wizards,135,,,,,,,,,DAL,103,WAS,135
Indiana Pacers,123,Boston Celtics,128,,,,,,,,,IND,123,BOS,128
Sacramento Kings,122,Houston Rockets,117,,,,,,,,,SAC,122,HOU,117
Phoenix Suns,114,Memphis Grizzlies,122,,,,,,,,,PHX,114,MEM,122
Los Angeles Clippers,153,Milwaukee Bucks,119,,,,,,,,,LAC,153,MIL,119
Detroit Pistons,110,Oklahoma City Thunder,101,,,,,,,,,DET,110,OKC,101
Portland Trail Blazers,111,San Antonio Spurs,130,,,,,,,,,PHX,111,SAS,130
Minnesota Timberwolves,136,Denver Nuggets,130,,,,,,,,,MIN,136,DEN,130
New Orleans Pelicans,114,Los Angeles Lakers,111,,,,,,,,,NOP,114,LAL,111
Charlotte Hornets,114,Philadelphia 76ers,144,,,,,,,,,CHA,114,PHI,144
Cleveland Cavaliers,119,New York Knicks,101,,,,,,,,,CLE,119,NYK,101
Brooklyn Nets,115,Atlanta Hawks,122,,,,,,,,,BKN,115,ATL,122
Miami Heat,127,Chicago Bulls,109,,,,,,,,,MIA,127,CHI,109
Utah Jazz,107,Golden State Warriors,111,,,,,,,,,UTA,107,GSW,111
Washington Wizards,102,Boston Celtics,144,,,,,,,,,WAS,102,BOS,144
Dallas Mavericks,118,Milwaukee Bucks,112,,,,,,,,,DAL,118,MIL,112
Denver Nuggets,129,Los Angeles Lakers,118,,,,,,,,,DEN,129,LAL,118
Detroit Pistons,121,Indiana Pacers,117,,,,,,,,,DET,121,IND,117
Philadelphia 76ers,112,Cleveland Cavaliers,108,,,,,,,,,PHI,112,CLE,108
New York Knicks,118,Orlando Magic,88,,,,,,,,,NYK,118,ORL,88
Minnesota Timberwolves,139,Houston Rockets,132,,,,,,,,,MIN,139,HOU,132
Phoenix Suns,96,Oklahoma City Thunder,117,,,,,,,,,PHX,96,OKC,117
Portland Trail Blazers,92,San Antonio Spurs,113,,,,,,,,,PHX,92,SAS,113
Miami Heat,114,Toronto Raptors,109,,,,,,,,,MIA,114,TOR,109
Golden State Warriors,109,Sacramento Kings,90,,,,,,,,,GSW,109,SAC,90
New Orleans Pelicans,100,Los Angeles Clippers,119,,,,,,,,,NOP,100,LAC,119
Philadelphia 76ers,131,Indiana Pacers,122,,,,,,,,,PHI,131,IND,122
Cleveland Cavaliers,115,Orlando Magic,120,,,,,,,,,CLE,115,ORL,120
Houston Rockets,105,Brooklyn Nets,118,,,,,,,,,HOU,105,BKN,118
Charlotte Hornets,115,Miami Heat,144,,,,,,,,,CHA,115,MIA,144
Atlanta Hawks,108,Toronto Raptors,118,,,,,,,,,ATL,108,TOR,118
Milwaukee Bucks,127,Chicago Bulls,106,,,,,,,,,MIL,127,CHI,106
Washington Wizards,132,Minnesota Timberwolves,114,,,,,,,,,WAS,132,MIN,114
Portland Trail Blazers,94,Oklahoma City Thunder,98,,,,,,,,,PHX,94,OKC,98
San Antonio Spurs,116,Denver Nuggets,97,,,,,,,,,SAS,116,DEN,97
Memphis Grizzlies,115,Utah Jazz,121,,,,,,,,,MEM,115,UTA,121
New Orleans Pelicans,123,Sacramento Kings,109,,,,,,,,,NOP,123,SAC,109
Los Angeles Lakers,110,Phoenix Suns,121,,,,,,,,,LAL,110,PHX,121
Dallas Mavericks,131,Detroit Pistons,113,,,,,,,,,DAL,131,DET,113
Brooklyn Nets,110,New York Knicks,98,,,,,,,,,BKN,110,NYK,98
Washington Wizards,103,Atlanta Hawks,118,,,,,,,,,WAS,103,ATL,118
Boston Celtics,117,Chicago Bulls,94,,,,,,,,,BOS,117,CHI,94
Oklahoma City Thunder,101,Utah Jazz,137,,,,,,,,,OKC,101,UTA,137
Phoenix Suns,109,Los Angeles Clippers,113,,,,,,,,,PHX,109,LAC,113
Orlando Magic,101,Charlotte Hornets,128,,,,,,,,,ORL,101,CHA,128
Boston Celtics,121,Milwaukee Bucks,127,,,,,,,,,BOS,121,MIL,127
Philadelphia 76ers,114,Toronto Raptors,119,,,,,,,,,PHI,114,TOR,119
San Antonio Spurs,121,Minnesota Timberwolves,127,,,,,,,,,SAS,121,MIN,127
Portland Trail Blazers,94,New Orleans Pelicans,127,,,,,,,,,PHX,94,NOP,127
Memphis Grizzlies,109,Denver Nuggets,122,,,,,,,,,MEM,109,DEN,122
Los Angeles Lakers,112,Golden State Warriors,128,,,,,,,,,LAL,112,GSW,128
Milwaukee Bucks,131,Detroit Pistons,101,,,,,,,,,MIL,131,DET,101
New York Knicks,114,Washington Wizards,92,,,,,,,,,NYK,114,WAS,92
Cleveland Cavaliers,107,Brooklyn Nets,118,,,,,,,,,CLE,107,BKN,118
Houston Rockets,115,Toronto Raptors,117,,,,,,,,,HOU,115,TOR,117
Charlotte Hornets,133,Chicago Bulls,117,,,,,,,,,CHA,133,CHI,117
Atlanta Hawks,109,Miami Heat,113,,,,,,,,,ATL,109,MIA,113
Portland Trail Blazers,78,Dallas Mavericks,128,,,,,,,,,PHX,78,DAL,128
Phoenix Suns,111,Utah Jazz,105,,,,,,,,,PHX,111,UTA,105
Oklahoma City Thunder,101,Los Angeles Lakers,120,,,,,,,,,OKC,101,LAL,120
Indiana Pacers,120,Philadelphia 76ers,133,,,,,,,,,IND,120,PHI,133
New Orleans Pelicans,114,Memphis Grizzlies,141,,,,,,,,,NOP,114,MEM,141
Golden State Warriors,100,San Antonio Spurs,94,,,,,,,,,GSW,100,SAS,94
Sacramento Kings,98,Los Angeles Clippers,117,,,,,,,,,SAC,98,LAC,117
Indiana Pacers,126,Brooklyn Nets,134,,,,,,,,,IND,126,BKN,134
Washington Wizards,108,Charlotte Hornets,124,,,,,,,,,WAS,108,CHA,124
Milwaukee Bucks,115,Cleveland Cavaliers,133,,,,,,,,,MIL,115,CLE,133
Atlanta Hawks,130,Houston Rockets,114,,,,,,,,,ATL,130,HOU,114
Boston Celtics,139,Memphis Grizzlies,110,,,,,,,,,BOS,139,MEM,110
Toronto Raptors,94,New York Knicks,105,,,,,,,,,TOR,94,NYK,105
Miami Heat,111,Orlando Magic,125,,,,,,,,,MIA,111,ORL,125
Detroit Pistons,106,Philadelphia 76ers,118,,,,,,,,,DET,106,PHI,118
Chicago Bulls,124,Minnesota Timberwolves,120,,,,,,,,,CHI,124,MIN,120
San Antonio Spurs,120,Dallas Mavericks,130,,,,,,,,,SAS,120,DAL,130
Los Angeles Lakers,146,Denver Nuggets,141,,,,,,,,,LAL,146,DEN,141
Oklahoma City Thunder,88,Los Angeles Clippers,138,,,,,,,,,OKC,88,LAC,138
Golden State Warriors,128,New Orleans Pelicans,107,,,,,,,,,GSW,128,NOP,107
Sacramento Kings,116,Phoenix Suns,109,,,,,,,,,SAC,116,PHX,109
Utah Jazz,111,Portland Trail Blazers,80,,,,,,,,,UTA,111,PHX,80
